,State,Sex,Age Group,COVID-19 Deaths,Total Deaths,Pneumonia Deaths,Pneumonia and COVID-19 Deaths,Influenza Deaths,"Pneumonia, Influenza, or COVID-19 Deaths"
69,Alabama,Male,0,6.0,260.0,2.0,0.0,2.0,4.0
71,Alabama,Male,1,0.0,57.0,0.0,0.0,0.0,0.0
72,Alabama,Male,5,0.0,76.0,3.0,0.0,0.0,5.0
73,Alabama,Male,15,6.0,644.0,1.0,4.0,1.0,13.0
75,Alabama,Male,25,41.0,1115.0,37.0,14.0,2.0,66.0
77,Alabama,Male,35,112.0,1625.0,88.0,38.0,6.0,165.0
79,Alabama,Male,45,298.0,2978.0,210.0,96.0,4.0,419.0
81,Alabama,Male,55,793.0,6937.0,568.0,251.0,27.0,1135.0
82,Alabama,Male,65,1538.0,10043.0,1096.0,554.0,27.0,2105.0
83,Alabama,Male,75,1612.0,10133.0,1130.0,584.0,13.0,2168.0
84,Alabama,Male,85,982.0,7022.0,709.0,342.0,4.0,1355.0
86,Alabama,Female,0,3.0,191.0,4.0,1.0,0.0,4.0
88,Alabama,Female,1,0.0,44.0,5.0,0.0,7.0,8.0
89,Alabama,Female,5,0.0,40.0,7.0,0.0,0.0,7.0
90,Alabama,Female,15,5.0,215.0,3.0,0.0,0.0,13.0
92,Alabama,Female,25,26.0,492.0,24.0,11.0,4.0,41.0
94,Alabama,Female,35,83.0,962.0,54.0,22.0,7.0,118.0
96,Alabama,Female,45,239.0,1969.0,150.0,79.0,3.0,317.0
98,Alabama,Female,55,592.0,4623.0,459.0,201.0,13.0,862.0
99,Alabama,Female,65,1061.0,7314.0,729.0,369.0,17.0,1437.0
100,Alabama,Female,75,1316.0,9883.0,936.0,476.0,13.0,1787.0
101,Alabama,Female,85,1347.0,11734.0,827.0,391.0,3.0,1787.0
120,Alaska,Male,0,0.0,34.0,0.0,0.0,0.0,0.0
122,Alaska,Male,1,0.0,3.0,0.0,0.0,4.0,1.0
123,Alaska,Male,5,0.0,24.0,0.0,0.0,0.0,0.0
124,Alaska,Male,15,0.0,99.0,2.0,0.0,0.0,6.0
126,Alaska,Male,25,7.0,160.0,3.0,0.0,0.0,1.0
128,Alaska,Male,35,2.0,192.0,13.0,5.0,0.0,16.0
130,Alaska,Male,45,4.0,280.0,6.0,1.0,0.0,15.0
132,Alaska,Male,55,19.0,606.0,30.0,10.0,5.0,40.0
133,Alaska,Male,65,55.0,748.0,51.0,30.0,0.0,76.0
134,Alaska,Male,75,55.0,735.0,58.0,29.0,1.0,85.0
135,Alaska,Male,85,37.0,463.0,39.0,18.0,4.0,60.0
137,Alaska,Female,0,0.0,20.0,0.0,0.0,0.0,0.0
139,Alaska,Female,1,0.0,8.0,4.0,0.0,6.0,3.0
140,Alaska,Female,5,0.0,6.0,0.0,0.0,0.0,0.0
141,Alaska,Female,15,5.0,41.0,1.0,4.0,0.0,1.0
143,Alaska,Female,25,5.0,95.0,1.0,4.0,0.0,2.0
145,Alaska,Female,35,5.0,114.0,1.0,7.0,0.0,3.0
147,Alaska,Female,45,8.0,171.0,1.0,7.0,0.0,12.0
149,Alaska,Female,55,17.0,349.0,23.0,3.0,0.0,31.0
150,Alaska,Female,65,24.0,504.0,35.0,17.0,7.0,44.0
151,Alaska,Female,75,33.0,525.0,32.0,21.0,3.0,45.0
152,Alaska,Female,85,38.0,619.0,40.0,19.0,0.0,59.0
171,Arizona,Male,0,0.0,261.0,7.0,0.0,2.0,6.0
173,Arizona,Male,1,2.0,68.0,8.0,0.0,5.0,4.0
174,Arizona,Male,5,7.0,90.0,8.0,3.0,4.0,7.0
175,Arizona,Male,15,28.0,1023.0,25.0,13.0,5.0,42.0
177,Arizona,Male,25,104.0,1854.0,84.0,58.0,2.0,132.0
179,Arizona,Male,35,251.0,2232.0,191.0,139.0,3.0,307.0
181,Arizona,Male,45,626.0,3543.0,502.0,379.0,4.0,757.0
183,Arizona,Male,55,1379.0,7760.0,1224.0,845.0,15.0,1773.0
184,Arizona,Male,65,2188.0,11838.0,1974.0,1385.0,20.0,2796.0
185,Arizona,Male,75,2633.0,13804.0,2375.0,1617.0,15.0,3405.0
186,Arizona,Male,85,1711.0,11180.0,1541.0,969.0,12.0,2295.0
188,Arizona,Female,0,0.0,208.0,6.0,0.0,0.0,3.0
190,Arizona,Female,1,0.0,54.0,8.0,0.0,0.0,8.0
191,Arizona,Female,5,7.0,80.0,1.0,3.0,7.0,4.0
192,Arizona,Female,15,15.0,316.0,18.0,12.0,0.0,21.0
194,Arizona,Female,25,70.0,733.0,58.0,36.0,6.0,94.0
196,Arizona,Female,35,142.0,1065.0,104.0,71.0,8.0,178.0
198,Arizona,Female,45,319.0,2034.0,296.0,204.0,5.0,418.0
200,Arizona,Female,55,829.0,4725.0,756.0,509.0,11.0,1087.0
201,Arizona,Female,65,1423.0,8269.0,1339.0,897.0,19.0,1884.0
202,Arizona,Female,75,1710.0,11357.0,1565.0,1001.0,15.0,2289.0
203,Arizona,Female,85,1733.0,14703.0,1452.0,848.0,10.0,2347.0
222,Arkansas,Male,0,0.0,163.0,3.0,0.0,0.0,5.0
224,Arkansas,Male,1,0.0,30.0,0.0,0.0,7.0,7.0
225,Arkansas,Male,5,0.0,51.0,0.0,0.0,0.0,0.0
226,Arkansas,Male,15,8.0,357.0,1.0,4.0,7.0,10.0
228,Arkansas,Male,25,18.0,608.0,22.0,5.0,2.0,36.0
230,Arkansas,Male,35,48.0,926.0,59.0,18.0,6.0,92.0
232,Arkansas,Male,45,154.0,1674.0,140.0,77.0,8.0,221.0
234,Arkansas,Male,55,397.0,4089.0,405.0,205.0,15.0,612.0
235,Arkansas,Male,65,735.0,5901.0,702.0,377.0,14.0,1074.0
236,Arkansas,Male,75,936.0,6168.0,838.0,469.0,7.0,1314.0
237,Arkansas,Male,85,695.0,4460.0,640.0,351.0,6.0,987.0
239,Arkansas,Female,0,0.0,119.0,4.0,0.0,0.0,3.0
241,Arkansas,Female,1,2.0,24.0,8.0,6.0,6.0,2.0
242,Arkansas,Female,5,0.0,33.0,1.0,0.0,0.0,4.0
243,Arkansas,Female,15,6.0,139.0,4.0,1.0,4.0,3.0
245,Arkansas,Female,25,13.0,276.0,17.0,1.0,0.0,22.0
247,Arkansas,Female,35,34.0,593.0,40.0,10.0,8.0,66.0
249,Arkansas,Female,45,95.0,1158.0,111.0,49.0,4.0,160.0
251,Arkansas,Female,55,280.0,2699.0,295.0,151.0,6.0,432.0
252,Arkansas,Female,65,551.0,4346.0,529.0,278.0,15.0,815.0
253,Arkansas,Female,75,773.0,5662.0,683.0,346.0,10.0,1119.0
254,Arkansas,Female,85,1015.0,7280.0,707.0,353.0,13.0,1380.0
273,California,Male,0,5.0,1071.0,21.0,6.0,0.0,23.0
275,California,Male,1,5.0,213.0,4.0,0.0,1.0,15.0
276,California,Male,5,8.0,355.0,11.0,3.0,6.0,19.0
277,California,Male,15,74.0,3459.0,80.0,38.0,8.0,118.0
279,California,Male,25,393.0,6794.0,338.0,190.0,16.0,557.0
281,California,Male,35,1084.0,8828.0,859.0,586.0,23.0,1379.0
283,California,Male,45,2981.0,15686.0,2392.0,1780.0,45.0,3638.0
285,California,Male,55,6448.0,33823.0,5548.0,3985.0,92.0,8098.0
286,California,Male,65,8784.0,46627.0,8124.0,5514.0,95.0,11483.0
287,California,Male,75,8582.0,49880.0,8543.0,5378.0,77.0,11823.0
288,California,Male,85,7145.0,52417.0,7238.0,4002.0,75.0,10456.0
290,California,Female,0,8.0,871.0,3.0,0.0,6.0,1.0
292,California,Female,1,8.0,154.0,6.0,0.0,6.0,5.0
293,California,Female,5,8.0,274.0,16.0,0.0,2.0,20.0
294,California,Female,15,48.0,1128.0,40.0,17.0,4.0,77.0
296,California,Female,25,202.0,2463.0,178.0,98.0,19.0,301.0
298,California,Female,35,491.0,4083.0,454.0,281.0,22.0,685.0
300,California,Female,45,1181.0,8371.0,1103.0,707.0,36.0,1613.0
302,California,Female,55,2952.0,18911.0,2878.0,1898.0,63.0,3995.0
303,California,Female,65,4795.0,31043.0,4778.0,3030.0,75.0,6616.0
304,California,Female,75,6336.0,43740.0,6155.0,3755.0,96.0,8829.0
305,California,Female,85,8702.0,75238.0,8064.0,4283.0,89.0,12571.0
324,Colorado,Male,0,2.0,195.0,0.0,0.0,4.0,2.0
326,Colorado,Male,1,0.0,33.0,7.0,0.0,4.0,7.0
327,Colorado,Male,5,1.0,76.0,0.0,0.0,0.0,4.0
328,Colorado,Male,15,13.0,645.0,8.0,8.0,4.0,21.0
330,Colorado,Male,25,21.0,1210.0,29.0,6.0,4.0,43.0
332,Colorado,Male,35,52.0,1499.0,69.0,28.0,1.0,98.0
334,Colorado,Male,45,198.0,2178.0,181.0,108.0,10.0,281.0
336,Colorado,Male,55,410.0,4459.0,403.0,215.0,16.0,614.0
337,Colorado,Male,65,810.0,6546.0,829.0,491.0,14.0,1162.0
338,Colorado,Male,75,1008.0,7054.0,915.0,573.0,6.0,1354.0
339,Colorado,Male,85,952.0,6764.0,759.0,458.0,15.0,1266.0
341,Colorado,Female,0,0.0,187.0,1.0,0.0,0.0,3.0
343,Colorado,Female,1,0.0,18.0,7.0,0.0,0.0,4.0
344,Colorado,Female,5,0.0,35.0,1.0,0.0,6.0,4.0
345,Colorado,Female,15,6.0,246.0,1.0,1.0,0.0,10.0
347,Colorado,Female,25,11.0,476.0,21.0,4.0,7.0,31.0
349,Colorado,Female,35,28.0,740.0,46.0,14.0,4.0,64.0
351,Colorado,Female,45,75.0,1228.0,94.0,37.0,8.0,140.0
353,Colorado,Female,55,187.0,2654.0,240.0,112.0,15.0,330.0
354,Colorado,Female,65,437.0,4521.0,430.0,227.0,13.0,651.0
355,Colorado,Female,75,756.0,6256.0,633.0,343.0,3.0,1054.0
356,Colorado,Female,85,1271.0,10394.0,829.0,463.0,20.0,1657.0
375,Connecticut,Male,0,0.0,98.0,0.0,0.0,0.0,0.0
377,Connecticut,Male,1,0.0,11.0,0.0,0.0,1.0,5.0
378,Connecticut,Male,5,0.0,19.0,6.0,0.0,0.0,8.0
379,Connecticut,Male,15,2.0,219.0,7.0,8.0,0.0,1.0
381,Connecticut,Male,25,14.0,581.0,3.0,3.0,4.0,22.0
383,Connecticut,Male,35,35.0,732.0,22.0,4.0,0.0,50.0
385,Connecticut,Male,45,141.0,1378.0,68.0,38.0,3.0,173.0
387,Connecticut,Male,55,427.0,3049.0,230.0,135.0,5.0,529.0
388,Connecticut,Male,65,780.0,4167.0,449.0,262.0,14.0,978.0
389,Connecticut,Male,75,1065.0,5292.0,557.0,325.0,11.0,1308.0
390,Connecticut,Male,85,1264.0,6369.0,708.0,374.0,10.0,1608.0
392,Connecticut,Female,0,1.0,66.0,0.0,0.0,0.0,6.0
394,Connecticut,Female,1,0.0,11.0,3.0,0.0,0.0,8.0
395,Connecticut,Female,5,3.0,15.0,2.0,0.0,0.0,5.0
396,Connecticut,Female,15,5.0,79.0,1.0,0.0,0.0,4.0
398,Connecticut,Female,25,8.0,190.0,1.0,2.0,4.0,14.0
400,Connecticut,Female,35,19.0,366.0,16.0,8.0,0.0,32.0
402,Connecticut,Female,45,62.0,715.0,43.0,22.0,7.0,88.0
404,Connecticut,Female,55,244.0,1836.0,154.0,77.0,7.0,328.0
405,Connecticut,Female,65,515.0,3075.0,316.0,164.0,3.0,671.0
406,Connecticut,Female,75,966.0,5055.0,483.0,280.0,15.0,1184.0
407,Connecticut,Female,85,2091.0,10513.0,846.0,443.0,13.0,2507.0
426,Delaware,Male,0,0.0,37.0,0.0,0.0,0.0,0.0
428,Delaware,Male,1,4.0,6.0,3.0,0.0,0.0,6.0
429,Delaware,Male,5,1.0,7.0,5.0,6.0,0.0,5.0
430,Delaware,Male,15,1.0,98.0,6.0,0.0,0.0,4.0
432,Delaware,Male,25,7.0,207.0,3.0,6.0,5.0,6.0
434,Delaware,Male,35,2.0,230.0,5.0,4.0,0.0,8.0
436,Delaware,Male,45,28.0,420.0,26.0,16.0,0.0,38.0
438,Delaware,Male,55,86.0,935.0,73.0,45.0,0.0,114.0
439,Delaware,Male,65,154.0,1490.0,145.0,85.0,4.0,215.0
440,Delaware,Male,75,227.0,1741.0,182.0,113.0,3.0,299.0
441,Delaware,Male,85,191.0,1565.0,130.0,82.0,3.0,240.0
443,Delaware,Female,0,0.0,35.0,5.0,0.0,0.0,5.0
445,Delaware,Female,1,0.0,8.0,0.0,0.0,0.0,0.0
446,Delaware,Female,5,0.0,11.0,6.0,0.0,0.0,7.0
447,Delaware,Female,15,1.0,37.0,7.0,2.0,0.0,4.0
449,Delaware,Female,25,4.0,57.0,3.0,6.0,0.0,5.0
451,Delaware,Female,35,7.0,136.0,8.0,4.0,4.0,2.0
453,Delaware,Female,45,25.0,221.0,19.0,10.0,1.0,35.0
455,Delaware,Female,55,63.0,635.0,58.0,34.0,2.0,89.0
456,Delaware,Female,65,111.0,1157.0,119.0,57.0,4.0,177.0
457,Delaware,Female,75,182.0,1614.0,161.0,85.0,6.0,259.0
458,Delaware,Female,85,305.0,2437.0,172.0,94.0,2.0,388.0
477,District of Columbia,Male,0,6.0,71.0,5.0,0.0,0.0,8.0
479,District of Columbia,Male,1,7.0,16.0,7.0,7.0,0.0,3.0
480,District of Columbia,Male,5,0.0,14.0,1.0,0.0,0.0,4.0
481,District of Columbia,Male,15,3.0,120.0,7.0,0.0,0.0,6.0
483,District of Columbia,Male,25,5.0,216.0,14.0,3.0,0.0,15.0
485,District of Columbia,Male,35,33.0,293.0,33.0,27.0,2.0,40.0
487,District of Columbia,Male,45,80.0,441.0,85.0,70.0,3.0,96.0
489,District of Columbia,Male,55,155.0,1028.0,186.0,130.0,3.0,212.0
490,District of Columbia,Male,65,216.0,1193.0,265.0,192.0,7.0,291.0
491,District of Columbia,Male,75,159.0,862.0,194.0,138.0,0.0,215.0
492,District of Columbia,Male,85,107.0,666.0,119.0,86.0,4.0,142.0
494,District of Columbia,Female,0,0.0,51.0,0.0,0.0,4.0,6.0
496,District of Columbia,Female,1,0.0,17.0,5.0,0.0,1.0,7.0
497,District of Columbia,Female,5,0.0,19.0,0.0,0.0,6.0,7.0
498,District of Columbia,Female,15,2.0,25.0,6.0,3.0,0.0,8.0
500,District of Columbia,Female,25,5.0,79.0,10.0,6.0,0.0,10.0
502,District of Columbia,Female,35,8.0,124.0,11.0,8.0,0.0,11.0
504,District of Columbia,Female,45,31.0,256.0,41.0,26.0,0.0,46.0
506,District of Columbia,Female,55,96.0,667.0,108.0,77.0,0.0,127.0
507,District of Columbia,Female,65,142.0,846.0,173.0,119.0,4.0,197.0
508,District of Columbia,Female,75,118.0,798.0,145.0,99.0,0.0,164.0
509,District of Columbia,Female,85,159.0,1139.0,200.0,137.0,2.0,223.0
528,Florida,Male,0,0.0,785.0,4.0,0.0,3.0,4.0
530,Florida,Male,1,0.0,159.0,6.0,0.0,2.0,11.0
531,Florida,Male,5,2.0,262.0,4.0,3.0,4.0,10.0
532,Florida,Male,15,25.0,1968.0,34.0,3.0,4.0,54.0
534,Florida,Male,25,109.0,4269.0,147.0,64.0,6.0,198.0
536,Florida,Male,35,304.0,5609.0,315.0,171.0,10.0,458.0
538,Florida,Male,45,803.0,9621.0,851.0,480.0,33.0,1205.0
540,Florida,Male,55,2210.0,22789.0,2405.0,1356.0,46.0,3304.0
541,Florida,Male,65,4235.0,34733.0,4768.0,2737.0,56.0,6316.0
542,Florida,Male,75,5535.0,41946.0,6113.0,3514.0,62.0,8191.0
543,Florida,Male,85,4363.0,38946.0,4998.0,2655.0,35.0,6737.0
545,Florida,Female,0,0.0,655.0,11.0,0.0,3.0,13.0
547,Florida,Female,1,2.0,124.0,7.0,0.0,2.0,4.0
548,Florida,Female,5,2.0,158.0,8.0,0.0,2.0,1.0
549,Florida,Female,15,20.0,731.0,24.0,12.0,5.0,34.0
551,Florida,Female,25,67.0,1856.0,105.0,40.0,3.0,138.0
553,Florida,Female,35,173.0,3135.0,225.0,95.0,13.0,316.0
555,Florida,Female,45,445.0,5744.0,530.0,260.0,21.0,735.0
557,Florida,Female,55,1265.0,14044.0,1579.0,779.0,36.0,2099.0
558,Florida,Female,65,2556.0,23742.0,2942.0,1559.0,53.0,3990.0
559,Florida,Female,75,3900.0,34835.0,4260.0,2348.0,55.0,5864.0
560,Florida,Female,85,4872.0,53725.0,4921.0,2558.0,55.0,7280.0
579,Georgia,Male,0,3.0,421.0,4.0,0.0,0.0,2.0
581,Georgia,Male,1,5.0,92.0,7.0,0.0,2.0,3.0
582,Georgia,Male,5,1.0,166.0,5.0,0.0,0.0,3.0
583,Georgia,Male,15,18.0,1048.0,18.0,2.0,1.0,34.0
585,Georgia,Male,25,68.0,1943.0,51.0,21.0,8.0,101.0
587,Georgia,Male,35,183.0,2665.0,148.0,82.0,3.0,257.0
589,Georgia,Male,45,549.0,5025.0,450.0,283.0,7.0,725.0
591,Georgia,Male,55,1362.0,11371.0,1177.0,723.0,17.0,1833.0
592,Georgia,Male,65,2381.0,15942.0,2078.0,1328.0,26.0,3156.0
593,Georgia,Male,75,2592.0,16006.0,2301.0,1466.0,18.0,3444.0
594,Georgia,Male,85,1548.0,11234.0,1326.0,792.0,13.0,2095.0
596,Georgia,Female,0,0.0,355.0,1.0,0.0,0.0,5.0
598,Georgia,Female,1,0.0,83.0,6.0,0.0,7.0,7.0
599,Georgia,Female,5,2.0,109.0,6.0,0.0,2.0,3.0
600,Georgia,Female,15,14.0,365.0,13.0,3.0,8.0,23.0
602,Georgia,Female,25,60.0,855.0,48.0,29.0,4.0,81.0
604,Georgia,Female,35,125.0,1617.0,124.0,56.0,3.0,199.0
606,Georgia,Female,45,347.0,3384.0,325.0,183.0,10.0,499.0
608,Georgia,Female,55,943.0,7588.0,872.0,522.0,25.0,1318.0
609,Georgia,Female,65,1673.0,12068.0,1421.0,886.0,28.0,2235.0
610,Georgia,Female,75,2102.0,15477.0,1754.0,1120.0,21.0,2757.0
611,Georgia,Female,85,2167.0,19153.0,1651.0,955.0,11.0,2872.0
630,Hawaii,Male,0,0.0,49.0,5.0,0.0,0.0,2.0
632,Hawaii,Male,1,0.0,8.0,0.0,0.0,0.0,0.0
633,Hawaii,Male,5,0.0,14.0,8.0,0.0,8.0,8.0
634,Hawaii,Male,15,4.0,83.0,7.0,0.0,0.0,1.0
636,Hawaii,Male,25,2.0,162.0,7.0,7.0,0.0,10.0
638,Hawaii,Male,35,7.0,281.0,10.0,7.0,0.0,15.0
640,Hawaii,Male,45,18.0,508.0,23.0,5.0,0.0,35.0
642,Hawaii,Male,55,44.0,1148.0,65.0,25.0,4.0,86.0
643,Hawaii,Male,65,79.0,1791.0,129.0,44.0,1.0,167.0
644,Hawaii,Male,75,61.0,1787.0,150.0,33.0,5.0,184.0
645,Hawaii,Male,85,57.0,2092.0,192.0,30.0,6.0,223.0
647,Hawaii,Female,0,0.0,48.0,4.0,0.0,0.0,7.0
649,Hawaii,Female,1,0.0,6.0,1.0,0.0,0.0,6.0
650,Hawaii,Female,5,0.0,8.0,7.0,0.0,0.0,6.0
651,Hawaii,Female,15,8.0,29.0,8.0,6.0,0.0,7.0
653,Hawaii,Female,25,8.0,71.0,3.0,7.0,0.0,3.0
655,Hawaii,Female,35,3.0,115.0,2.0,2.0,0.0,12.0
657,Hawaii,Female,45,5.0,271.0,13.0,7.0,0.0,16.0
659,Hawaii,Female,55,26.0,616.0,47.0,13.0,7.0,62.0
660,Hawaii,Female,65,27.0,1075.0,70.0,14.0,1.0,87.0
661,Hawaii,Female,75,31.0,1322.0,71.0,16.0,5.0,87.0
662,Hawaii,Female,85,70.0,3173.0,198.0,30.0,6.0,241.0
681,Idaho,Male,0,0.0,59.0,0.0,0.0,0.0,0.0
683,Idaho,Male,1,0.0,16.0,5.0,0.0,0.0,1.0
684,Idaho,Male,5,0.0,28.0,3.0,0.0,0.0,7.0
685,Idaho,Male,15,1.0,177.0,5.0,1.0,0.0,5.0
687,Idaho,Male,25,2.0,230.0,4.0,2.0,0.0,7.0
689,Idaho,Male,35,10.0,357.0,3.0,4.0,7.0,15.0
691,Idaho,Male,45,34.0,562.0,28.0,12.0,7.0,51.0
693,Idaho,Male,55,104.0,1390.0,103.0,51.0,6.0,161.0
694,Idaho,Male,65,264.0,2330.0,216.0,134.0,7.0,354.0
695,Idaho,Male,75,394.0,2925.0,324.0,192.0,6.0,527.0
696,Idaho,Male,85,331.0,2599.0,238.0,147.0,5.0,423.0
698,Idaho,Female,0,0.0,46.0,0.0,0.0,0.0,0.0
700,Idaho,Female,1,0.0,1.0,0.0,0.0,0.0,0.0
701,Idaho,Female,5,0.0,8.0,0.0,0.0,0.0,0.0
702,Idaho,Female,15,0.0,56.0,8.0,0.0,4.0,3.0
704,Idaho,Female,25,6.0,125.0,3.0,0.0,0.0,7.0
706,Idaho,Female,35,10.0,192.0,8.0,2.0,0.0,13.0
708,Idaho,Female,45,25.0,342.0,26.0,15.0,0.0,36.0
710,Idaho,Female,55,59.0,947.0,75.0,32.0,6.0,104.0
711,Idaho,Female,65,152.0,1661.0,139.0,76.0,1.0,217.0
712,Idaho,Female,75,214.0,2355.0,160.0,86.0,5.0,290.0
713,Idaho,Female,85,347.0,3469.0,225.0,110.0,2.0,468.0
732,Illinois,Male,0,5.0,457.0,4.0,6.0,0.0,2.0
734,Illinois,Male,1,0.0,72.0,2.0,0.0,5.0,4.0
735,Illinois,Male,5,4.0,121.0,7.0,5.0,0.0,4.0
736,Illinois,Male,15,20.0,1164.0,18.0,4.0,0.0,30.0
738,Illinois,Male,25,86.0,2262.0,65.0,27.0,5.0,126.0
740,Illinois,Male,35,235.0,2925.0,171.0,97.0,6.0,313.0
742,Illinois,Male,45,643.0,5377.0,484.0,305.0,7.0,827.0
744,Illinois,Male,55,1445.0,12381.0,1269.0,772.0,21.0,1961.0
745,Illinois,Male,65,2733.0,17785.0,2401.0,1503.0,18.0,3649.0
746,Illinois,Male,75,3086.0,19175.0,2868.0,1741.0,24.0,4236.0
747,Illinois,Male,85,2873.0,18883.0,2505.0,1402.0,23.0,3998.0
749,Illinois,Female,0,7.0,354.0,4.0,0.0,0.0,1.0
751,Illinois,Female,1,0.0,69.0,3.0,0.0,1.0,6.0
752,Illinois,Female,5,0.0,107.0,6.0,0.0,5.0,3.0
753,Illinois,Female,15,12.0,395.0,10.0,1.0,3.0,20.0
755,Illinois,Female,25,53.0,810.0,41.0,23.0,5.0,72.0
757,Illinois,Female,35,108.0,1460.0,99.0,45.0,3.0,166.0
759,Illinois,Female,45,292.0,3011.0,282.0,149.0,7.0,429.0
761,Illinois,Female,55,771.0,7522.0,778.0,404.0,19.0,1164.0
762,Illinois,Female,65,1595.0,12912.0,1481.0,849.0,17.0,2243.0
763,Illinois,Female,75,2366.0,18189.0,2160.0,1177.0,32.0,3379.0
764,Illinois,Female,85,4100.0,30958.0,3027.0,1589.0,47.0,5585.0
783,Indiana,Male,0,7.0,279.0,3.0,0.0,0.0,6.0
785,Indiana,Male,1,4.0,47.0,0.0,0.0,0.0,8.0
786,Indiana,Male,5,0.0,91.0,0.0,0.0,7.0,1.0
787,Indiana,Male,15,6.0,728.0,8.0,1.0,0.0,10.0
789,Indiana,Male,25,22.0,1341.0,30.0,11.0,7.0,43.0
791,Indiana,Male,35,69.0,1661.0,81.0,37.0,3.0,115.0
793,Indiana,Male,45,195.0,2992.0,225.0,101.0,6.0,326.0
795,Indiana,Male,55,701.0,7163.0,747.0,391.0,14.0,1070.0
796,Indiana,Male,65,1432.0,10502.0,1439.0,820.0,16.0,2066.0
797,Indiana,Male,75,1985.0,11597.0,1820.0,1066.0,25.0,2762.0
798,Indiana,Male,85,1733.0,10008.0,1376.0,776.0,14.0,2347.0
800,Indiana,Female,0,0.0,253.0,7.0,0.0,0.0,2.0
802,Indiana,Female,1,0.0,38.0,0.0,0.0,3.0,4.0
803,Indiana,Female,5,8.0,65.0,2.0,0.0,7.0,6.0
804,Indiana,Female,15,6.0,257.0,2.0,3.0,6.0,14.0
806,Indiana,Female,25,11.0,603.0,16.0,5.0,1.0,26.0
808,Indiana,Female,35,46.0,909.0,69.0,26.0,7.0,92.0
810,Indiana,Female,45,136.0,1851.0,188.0,82.0,5.0,249.0
812,Indiana,Female,55,435.0,4695.0,551.0,251.0,12.0,747.0
813,Indiana,Female,65,950.0,7902.0,989.0,508.0,17.0,1448.0
814,Indiana,Female,75,1574.0,10930.0,1351.0,745.0,22.0,2201.0
815,Indiana,Female,85,2592.0,16462.0,1606.0,834.0,32.0,3395.0
834,Iowa,Male,0,0.0,89.0,6.0,0.0,5.0,4.0
836,Iowa,Male,1,0.0,25.0,4.0,0.0,5.0,5.0
837,Iowa,Male,5,0.0,40.0,6.0,0.0,0.0,5.0
838,Iowa,Male,15,0.0,241.0,8.0,0.0,1.0,5.0
840,Iowa,Male,25,1.0,410.0,1.0,4.0,0.0,15.0
842,Iowa,Male,35,33.0,585.0,23.0,1.0,0.0,47.0
844,Iowa,Male,45,94.0,1156.0,83.0,44.0,2.0,134.0
846,Iowa,Male,55,308.0,2916.0,247.0,129.0,6.0,429.0
847,Iowa,Male,65,595.0,4637.0,483.0,242.0,11.0,846.0
848,Iowa,Male,75,912.0,5493.0,651.0,341.0,11.0,1232.0
849,Iowa,Male,85,1069.0,6010.0,727.0,370.0,2.0,1435.0
851,Iowa,Female,0,5.0,75.0,4.0,0.0,0.0,6.0
853,Iowa,Female,1,4.0,15.0,0.0,0.0,0.0,7.0
854,Iowa,Female,5,0.0,21.0,1.0,0.0,0.0,1.0
855,Iowa,Female,15,5.0,86.0,1.0,5.0,0.0,1.0
857,Iowa,Female,25,12.0,171.0,11.0,1.0,6.0,18.0
859,Iowa,Female,35,15.0,306.0,12.0,8.0,0.0,24.0
861,Iowa,Female,45,58.0,683.0,48.0,25.0,2.0,82.0
863,Iowa,Female,55,165.0,1745.0,144.0,65.0,4.0,250.0
864,Iowa,Female,65,398.0,3281.0,321.0,172.0,13.0,560.0
865,Iowa,Female,75,720.0,4970.0,487.0,231.0,12.0,988.0
866,Iowa,Female,85,1425.0,9497.0,806.0,371.0,25.0,1885.0
885,Kansas,Male,0,0.0,122.0,5.0,0.0,0.0,3.0
887,Kansas,Male,1,0.0,17.0,7.0,0.0,0.0,1.0
888,Kansas,Male,5,0.0,38.0,0.0,0.0,0.0,0.0
889,Kansas,Male,15,4.0,333.0,2.0,1.0,0.0,10.0
891,Kansas,Male,25,14.0,509.0,15.0,3.0,1.0,26.0
893,Kansas,Male,35,40.0,668.0,33.0,14.0,2.0,60.0
895,Kansas,Male,45,105.0,1099.0,77.0,44.0,3.0,140.0
897,Kansas,Male,55,284.0,2849.0,257.0,150.0,11.0,402.0
898,Kansas,Male,65,535.0,4382.0,498.0,267.0,11.0,776.0
899,Kansas,Male,75,808.0,4865.0,628.0,396.0,19.0,1057.0
900,Kansas,Male,85,770.0,5013.0,574.0,297.0,11.0,1058.0
902,Kansas,Female,0,0.0,96.0,4.0,0.0,7.0,6.0
904,Kansas,Female,1,0.0,12.0,0.0,0.0,0.0,0.0
905,Kansas,Female,5,6.0,27.0,7.0,0.0,1.0,4.0
906,Kansas,Female,15,8.0,97.0,2.0,0.0,0.0,4.0
908,Kansas,Female,25,5.0,187.0,5.0,5.0,8.0,13.0
910,Kansas,Female,35,18.0,360.0,17.0,4.0,0.0,29.0
912,Kansas,Female,45,68.0,717.0,59.0,32.0,7.0,100.0
914,Kansas,Female,55,165.0,1848.0,158.0,82.0,10.0,251.0
915,Kansas,Female,65,367.0,3071.0,317.0,162.0,12.0,534.0
916,Kansas,Female,75,546.0,4292.0,431.0,233.0,19.0,763.0
917,Kansas,Female,85,1000.0,7510.0,653.0,324.0,16.0,1345.0
936,Kentucky,Male,0,6.0,192.0,7.0,0.0,0.0,1.0
938,Kentucky,Male,1,0.0,27.0,0.0,0.0,0.0,0.0
939,Kentucky,Male,5,0.0,52.0,0.0,0.0,0.0,0.0
940,Kentucky,Male,15,0.0,513.0,6.0,0.0,0.0,7.0
942,Kentucky,Male,25,6.0,1019.0,20.0,5.0,3.0,26.0
944,Kentucky,Male,35,48.0,1663.0,80.0,30.0,6.0,99.0
946,Kentucky,Male,45,125.0,2713.0,195.0,59.0,5.0,267.0
948,Kentucky,Male,55,421.0,6075.0,619.0,234.0,17.0,821.0
949,Kentucky,Male,65,930.0,8283.0,1135.0,549.0,19.0,1533.0
950,Kentucky,Male,75,1046.0,8328.0,1248.0,591.0,16.0,1719.0
951,Kentucky,Male,85,814.0,6062.0,853.0,396.0,12.0,1283.0
953,Kentucky,Female,0,0.0,130.0,6.0,0.0,0.0,7.0
955,Kentucky,Female,1,0.0,19.0,6.0,0.0,0.0,6.0
956,Kentucky,Female,5,0.0,45.0,0.0,0.0,6.0,8.0
957,Kentucky,Female,15,0.0,198.0,3.0,0.0,3.0,6.0
959,Kentucky,Female,25,8.0,469.0,20.0,7.0,4.0,23.0
961,Kentucky,Female,35,23.0,851.0,57.0,14.0,1.0,68.0
963,Kentucky,Female,45,83.0,1697.0,144.0,41.0,4.0,192.0
965,Kentucky,Female,55,309.0,3997.0,447.0,172.0,16.0,599.0
966,Kentucky,Female,65,640.0,6353.0,818.0,347.0,20.0,1130.0
967,Kentucky,Female,75,950.0,8139.0,1032.0,469.0,15.0,1527.0
968,Kentucky,Female,85,1330.0,10134.0,1050.0,472.0,16.0,1924.0
987,Louisiana,Male,0,6.0,243.0,1.0,0.0,0.0,6.0
989,Louisiana,Male,1,6.0,51.0,3.0,0.0,0.0,4.0
990,Louisiana,Male,5,3.0,84.0,4.0,0.0,0.0,1.0
991,Louisiana,Male,15,13.0,632.0,11.0,6.0,0.0,20.0
993,Louisiana,Male,25,36.0,1207.0,34.0,17.0,6.0,54.0
995,Louisiana,Male,35,92.0,1670.0,83.0,52.0,4.0,125.0
997,Louisiana,Male,45,282.0,2657.0,186.0,137.0,7.0,336.0
999,Louisiana,Male,55,718.0,6091.0,586.0,372.0,4.0,939.0
1000,Louisiana,Male,65,1363.0,8608.0,1093.0,733.0,12.0,1733.0
1001,Louisiana,Male,75,1425.0,8280.0,1114.0,751.0,4.0,1795.0
1002,Louisiana,Male,85,935.0,6245.0,769.0,484.0,6.0,1226.0
1004,Louisiana,Female,0,4.0,206.0,6.0,0.0,4.0,4.0
1006,Louisiana,Female,1,0.0,34.0,3.0,0.0,0.0,1.0
1007,Louisiana,Female,5,0.0,50.0,7.0,0.0,1.0,8.0
1008,Louisiana,Female,15,8.0,240.0,1.0,4.0,3.0,10.0
1010,Louisiana,Female,25,27.0,547.0,30.0,14.0,6.0,44.0
1012,Louisiana,Female,35,77.0,867.0,65.0,36.0,8.0,109.0
1014,Louisiana,Female,45,174.0,1634.0,146.0,84.0,10.0,245.0
1016,Louisiana,Female,55,534.0,4027.0,441.0,284.0,7.0,697.0
1017,Louisiana,Female,65,917.0,6324.0,734.0,487.0,3.0,1172.0
1018,Louisiana,Female,75,1203.0,7988.0,900.0,596.0,12.0,1519.0
1019,Louisiana,Female,85,1179.0,9966.0,900.0,536.0,11.0,1554.0
1038,Maine,Male,0,0.0,42.0,0.0,0.0,0.0,0.0
1040,Maine,Male,1,0.0,8.0,0.0,0.0,3.0,8.0
1041,Maine,Male,5,0.0,14.0,0.0,0.0,0.0,0.0
1042,Maine,Male,15,0.0,100.0,3.0,0.0,0.0,6.0
1044,Maine,Male,25,2.0,246.0,6.0,0.0,0.0,1.0
1046,Maine,Male,35,2.0,329.0,2.0,7.0,4.0,7.0
1048,Maine,Male,45,12.0,595.0,22.0,7.0,5.0,34.0
1050,Maine,Male,55,37.0,1507.0,71.0,2.0,8.0,107.0
1051,Maine,Male,65,86.0,2196.0,166.0,32.0,5.0,223.0
1052,Maine,Male,75,138.0,2545.0,229.0,45.0,4.0,325.0
1053,Maine,Male,85,118.0,2450.0,239.0,27.0,6.0,332.0
1055,Maine,Female,0,0.0,35.0,0.0,0.0,0.0,0.0
1057,Maine,Female,1,0.0,1.0,0.0,0.0,7.0,2.0
1058,Maine,Female,5,0.0,2.0,0.0,0.0,0.0,0.0
1059,Maine,Female,15,0.0,23.0,5.0,0.0,0.0,8.0
1061,Maine,Female,25,0.0,85.0,3.0,0.0,8.0,3.0
1063,Maine,Female,35,6.0,162.0,5.0,6.0,0.0,6.0
1065,Maine,Female,45,2.0,327.0,18.0,8.0,0.0,23.0
1067,Maine,Female,55,17.0,783.0,47.0,5.0,0.0,59.0
1068,Maine,Female,65,41.0,1559.0,94.0,5.0,3.0,129.0
1069,Maine,Female,75,131.0,2333.0,166.0,26.0,7.0,275.0
1070,Maine,Female,85,230.0,3842.0,221.0,35.0,12.0,428.0
1089,Maryland,Male,0,1.0,228.0,2.0,0.0,0.0,8.0
1091,Maryland,Male,1,7.0,22.0,3.0,0.0,7.0,3.0
1092,Maryland,Male,5,0.0,49.0,0.0,0.0,3.0,6.0
1093,Maryland,Male,15,1.0,592.0,10.0,4.0,4.0,16.0
1095,Maryland,Male,25,44.0,1290.0,44.0,19.0,5.0,72.0
1097,Maryland,Male,35,106.0,1621.0,81.0,38.0,1.0,151.0
1099,Maryland,Male,45,286.0,2644.0,214.0,119.0,5.0,385.0
1101,Maryland,Male,55,670.0,5844.0,524.0,269.0,14.0,936.0
1102,Maryland,Male,65,1076.0,7971.0,933.0,475.0,10.0,1544.0
1103,Maryland,Male,75,1378.0,8702.0,1212.0,617.0,18.0,1991.0
1104,Maryland,Male,85,1203.0,8470.0,1073.0,474.0,18.0,1816.0
1106,Maryland,Female,0,0.0,186.0,7.0,0.0,0.0,4.0
1108,Maryland,Female,1,0.0,23.0,3.0,0.0,0.0,3.0
1109,Maryland,Female,5,8.0,36.0,1.0,0.0,0.0,4.0
1110,Maryland,Female,15,11.0,178.0,6.0,4.0,0.0,15.0
1112,Maryland,Female,25,14.0,565.0,27.0,8.0,3.0,39.0
1114,Maryland,Female,35,50.0,857.0,52.0,13.0,0.0,89.0
1116,Maryland,Female,45,153.0,1547.0,127.0,56.0,5.0,226.0
1118,Maryland,Female,55,393.0,3809.0,358.0,169.0,14.0,595.0
1119,Maryland,Female,65,819.0,6254.0,688.0,339.0,17.0,1184.0
1120,Maryland,Female,75,1177.0,8595.0,936.0,492.0,22.0,1639.0
1121,Maryland,Female,85,1803.0,13889.0,1304.0,577.0,19.0,2545.0
1140,Massachusetts,Male,0,7.0,168.0,6.0,0.0,0.0,6.0
1142,Massachusetts,Male,1,6.0,19.0,0.0,0.0,0.0,5.0
1143,Massachusetts,Male,5,0.0,36.0,2.0,0.0,0.0,8.0
1144,Massachusetts,Male,15,2.0,347.0,2.0,8.0,3.0,10.0
1146,Massachusetts,Male,25,19.0,1041.0,16.0,8.0,5.0,29.0
1148,Massachusetts,Male,35,60.0,1469.0,58.0,17.0,8.0,104.0
1150,Massachusetts,Male,45,177.0,2474.0,132.0,69.0,10.0,250.0
1152,Massachusetts,Male,55,620.0,5720.0,542.0,295.0,26.0,891.0
1153,Massachusetts,Male,65,1292.0,8719.0,1108.0,595.0,24.0,1829.0
1154,Massachusetts,Male,75,1882.0,10347.0,1510.0,839.0,31.0,2583.0
1155,Massachusetts,Male,85,2291.0,11921.0,1718.0,925.0,23.0,3105.0
1157,Massachusetts,Female,0,0.0,138.0,0.0,0.0,0.0,0.0
1159,Massachusetts,Female,1,0.0,18.0,0.0,0.0,0.0,0.0
1160,Massachusetts,Female,5,0.0,30.0,7.0,0.0,0.0,5.0
1161,Massachusetts,Female,15,6.0,160.0,1.0,5.0,3.0,5.0
1163,Massachusetts,Female,25,4.0,447.0,14.0,5.0,4.0,20.0
1165,Massachusetts,Female,35,25.0,714.0,23.0,10.0,0.0,38.0
1167,Massachusetts,Female,45,97.0,1363.0,87.0,32.0,3.0,157.0
1169,Massachusetts,Female,55,343.0,3380.0,305.0,160.0,11.0,496.0
1170,Massachusetts,Female,65,822.0,6242.0,667.0,360.0,14.0,1142.0
1171,Massachusetts,Female,75,1626.0,9945.0,1233.0,675.0,25.0,2209.0
1172,Massachusetts,Female,85,3546.0,19537.0,2055.0,1073.0,40.0,4566.0
1191,Michigan,Male,0,0.0,428.0,8.0,0.0,0.0,8.0
1193,Michigan,Male,1,0.0,62.0,5.0,0.0,2.0,3.0
1194,Michigan,Male,5,0.0,116.0,0.0,0.0,8.0,3.0
1195,Michigan,Male,15,10.0,849.0,23.0,4.0,0.0,29.0
1197,Michigan,Male,25,47.0,1836.0,60.0,17.0,6.0,93.0
1199,Michigan,Male,35,110.0,2365.0,109.0,51.0,2.0,173.0
1201,Michigan,Male,45,395.0,4600.0,366.0,218.0,15.0,558.0
1203,Michigan,Male,55,999.0,10944.0,1054.0,555.0,25.0,1523.0
1204,Michigan,Male,65,2026.0,16332.0,1926.0,1105.0,40.0,2882.0
1205,Michigan,Male,75,2418.0,17564.0,2254.0,1287.0,27.0,3408.0
1206,Michigan,Male,85,1961.0,16454.0,1788.0,934.0,23.0,2837.0
1208,Michigan,Female,0,0.0,378.0,1.0,0.0,0.0,1.0
1210,Michigan,Female,1,0.0,50.0,3.0,0.0,5.0,6.0
1211,Michigan,Female,5,4.0,88.0,1.0,0.0,4.0,5.0
1212,Michigan,Female,15,4.0,332.0,2.0,7.0,6.0,15.0
1214,Michigan,Female,25,26.0,806.0,39.0,12.0,6.0,56.0
1216,Michigan,Female,35,65.0,1325.0,88.0,30.0,7.0,125.0
1218,Michigan,Female,45,208.0,2748.0,226.0,114.0,10.0,330.0
1220,Michigan,Female,55,607.0,6869.0,701.0,343.0,30.0,995.0
1221,Michigan,Female,65,1339.0,12002.0,1362.0,727.0,34.0,2006.0
1222,Michigan,Female,75,1858.0,16362.0,1631.0,875.0,33.0,2645.0
1223,Michigan,Female,85,2751.0,25996.0,2088.0,1030.0,28.0,3837.0
1242,Minnesota,Male,0,0.0,195.0,4.0,0.0,0.0,8.0
1244,Minnesota,Male,1,0.0,46.0,2.0,0.0,4.0,6.0
1245,Minnesota,Male,5,0.0,59.0,8.0,0.0,0.0,5.0
1246,Minnesota,Male,15,3.0,379.0,5.0,0.0,0.0,4.0
1248,Minnesota,Male,25,13.0,752.0,22.0,4.0,7.0,32.0
1250,Minnesota,Male,35,35.0,919.0,45.0,15.0,4.0,68.0
1252,Minnesota,Male,45,120.0,1699.0,113.0,49.0,6.0,190.0
1254,Minnesota,Male,55,314.0,4142.0,283.0,133.0,13.0,477.0
1255,Minnesota,Male,65,689.0,6522.0,632.0,318.0,20.0,1021.0
1256,Minnesota,Male,75,1122.0,8023.0,855.0,407.0,19.0,1589.0
1257,Minnesota,Male,85,1337.0,8986.0,941.0,436.0,17.0,1858.0
1259,Minnesota,Female,0,6.0,136.0,7.0,0.0,0.0,8.0
1261,Minnesota,Female,1,0.0,33.0,7.0,0.0,0.0,2.0
1262,Minnesota,Female,5,5.0,34.0,2.0,0.0,0.0,5.0
1263,Minnesota,Female,15,4.0,153.0,4.0,0.0,0.0,10.0
1265,Minnesota,Female,25,4.0,344.0,11.0,3.0,3.0,22.0
1267,Minnesota,Female,35,22.0,547.0,19.0,1.0,4.0,38.0
1269,Minnesota,Female,45,62.0,1029.0,80.0,21.0,6.0,125.0
1271,Minnesota,Female,55,162.0,2566.0,215.0,77.0,16.0,316.0
1272,Minnesota,Female,65,454.0,4591.0,407.0,176.0,16.0,700.0
1273,Minnesota,Female,75,843.0,7435.0,657.0,287.0,12.0,1225.0
1274,Minnesota,Female,85,1844.0,13569.0,1055.0,454.0,20.0,2464.0
1293,Mississippi,Male,0,0.0,145.0,8.0,0.0,0.0,8.0
1295,Mississippi,Male,1,0.0,34.0,3.0,0.0,5.0,4.0
1296,Mississippi,Male,5,6.0,62.0,4.0,8.0,3.0,3.0
1297,Mississippi,Male,15,7.0,432.0,10.0,6.0,0.0,13.0
1299,Mississippi,Male,25,31.0,730.0,32.0,13.0,8.0,51.0
1301,Mississippi,Male,35,76.0,1107.0,80.0,37.0,4.0,121.0
1303,Mississippi,Male,45,212.0,1896.0,197.0,114.0,2.0,298.0
1305,Mississippi,Male,55,546.0,4509.0,601.0,300.0,7.0,854.0
1306,Mississippi,Male,65,1048.0,6281.0,1017.0,610.0,12.0,1465.0
1307,Mississippi,Male,75,1108.0,5972.0,1043.0,639.0,12.0,1523.0
1308,Mississippi,Male,85,670.0,4065.0,655.0,349.0,8.0,977.0
1310,Mississippi,Female,0,0.0,112.0,8.0,0.0,0.0,2.0
1312,Mississippi,Female,1,0.0,20.0,0.0,0.0,0.0,0.0
1313,Mississippi,Female,5,0.0,43.0,7.0,0.0,5.0,3.0
1314,Mississippi,Female,15,8.0,135.0,1.0,3.0,0.0,1.0
1316,Mississippi,Female,25,30.0,337.0,30.0,19.0,7.0,43.0
1318,Mississippi,Female,35,74.0,648.0,62.0,37.0,6.0,103.0
1320,Mississippi,Female,45,181.0,1273.0,163.0,89.0,7.0,257.0
1322,Mississippi,Female,55,461.0,2948.0,446.0,275.0,3.0,641.0
1323,Mississippi,Female,65,768.0,4676.0,732.0,428.0,5.0,1075.0
1324,Mississippi,Female,75,877.0,5796.0,799.0,467.0,7.0,1215.0
1325,Mississippi,Female,85,965.0,6973.0,800.0,419.0,2.0,1349.0
1344,Missouri,Male,0,0.0,291.0,4.0,0.0,0.0,4.0
1346,Missouri,Male,1,0.0,66.0,4.0,0.0,8.0,5.0
1347,Missouri,Male,5,1.0,102.0,8.0,0.0,0.0,5.0
1348,Missouri,Male,15,7.0,743.0,4.0,8.0,8.0,14.0
1350,Missouri,Male,25,19.0,1428.0,26.0,7.0,5.0,46.0
1352,Missouri,Male,35,67.0,1771.0,61.0,28.0,3.0,101.0
1354,Missouri,Male,45,203.0,2935.0,187.0,95.0,10.0,305.0
1356,Missouri,Male,55,636.0,7454.0,627.0,307.0,26.0,980.0
1357,Missouri,Male,65,1254.0,10845.0,1130.0,614.0,21.0,1790.0
1358,Missouri,Male,75,1708.0,11945.0,1475.0,849.0,24.0,2356.0
1359,Missouri,Male,85,1521.0,10268.0,1228.0,644.0,18.0,2122.0
1361,Missouri,Female,0,4.0,242.0,4.0,0.0,0.0,1.0
1363,Missouri,Female,1,0.0,50.0,6.0,0.0,0.0,6.0
1364,Missouri,Female,5,0.0,61.0,2.0,0.0,4.0,5.0
1365,Missouri,Female,15,8.0,290.0,6.0,8.0,2.0,13.0
1367,Missouri,Female,25,14.0,563.0,10.0,6.0,7.0,18.0
1369,Missouri,Female,35,43.0,962.0,47.0,12.0,1.0,83.0
1371,Missouri,Female,45,95.0,1797.0,117.0,44.0,4.0,174.0
1373,Missouri,Female,55,411.0,4785.0,396.0,207.0,12.0,612.0
1374,Missouri,Female,65,924.0,8088.0,807.0,433.0,21.0,1318.0
1375,Missouri,Female,75,1289.0,10946.0,1112.0,586.0,32.0,1847.0
1376,Missouri,Female,85,2162.0,16092.0,1409.0,714.0,25.0,2881.0
1395,Montana,Male,0,0.0,29.0,0.0,0.0,0.0,0.0
1397,Montana,Male,1,0.0,1.0,0.0,0.0,0.0,0.0
1398,Montana,Male,5,0.0,17.0,0.0,0.0,0.0,0.0
1399,Montana,Male,15,0.0,128.0,0.0,0.0,0.0,0.0
1401,Montana,Male,25,4.0,190.0,4.0,5.0,0.0,1.0
1403,Montana,Male,35,13.0,255.0,17.0,2.0,7.0,25.0
1405,Montana,Male,45,38.0,454.0,29.0,17.0,8.0,51.0
1407,Montana,Male,55,99.0,1063.0,90.0,57.0,6.0,136.0
1408,Montana,Male,65,207.0,1762.0,183.0,105.0,4.0,287.0
1409,Montana,Male,75,276.0,2050.0,242.0,149.0,3.0,374.0
1410,Montana,Male,85,227.0,1871.0,202.0,96.0,3.0,338.0
1412,Montana,Female,0,0.0,31.0,4.0,0.0,0.0,1.0
1414,Montana,Female,1,0.0,4.0,0.0,0.0,0.0,0.0
1415,Montana,Female,5,0.0,14.0,0.0,0.0,0.0,0.0
1416,Montana,Female,15,0.0,47.0,6.0,0.0,0.0,3.0
1418,Montana,Female,25,3.0,90.0,1.0,8.0,0.0,2.0
1420,Montana,Female,35,13.0,133.0,4.0,6.0,0.0,14.0
1422,Montana,Female,45,17.0,245.0,12.0,4.0,0.0,22.0
1424,Montana,Female,55,68.0,658.0,53.0,37.0,6.0,87.0
1425,Montana,Female,65,128.0,1153.0,125.0,71.0,7.0,188.0
1426,Montana,Female,75,177.0,1561.0,139.0,82.0,7.0,235.0
1427,Montana,Female,85,275.0,2462.0,161.0,84.0,8.0,360.0
1446,Nebraska,Male,0,0.0,105.0,0.0,0.0,5.0,1.0
1448,Nebraska,Male,1,0.0,14.0,0.0,0.0,0.0,0.0
1449,Nebraska,Male,5,8.0,36.0,0.0,0.0,6.0,5.0
1450,Nebraska,Male,15,5.0,170.0,2.0,0.0,0.0,8.0
1452,Nebraska,Male,25,13.0,254.0,13.0,8.0,4.0,22.0
1454,Nebraska,Male,35,16.0,368.0,13.0,6.0,0.0,23.0
1456,Nebraska,Male,45,68.0,669.0,53.0,29.0,3.0,93.0
1458,Nebraska,Male,55,170.0,1627.0,159.0,78.0,5.0,259.0
1459,Nebraska,Male,65,352.0,2626.0,278.0,150.0,2.0,485.0
1460,Nebraska,Male,75,481.0,3043.0,386.0,235.0,2.0,634.0
1461,Nebraska,Male,85,455.0,3186.0,414.0,193.0,6.0,679.0
1463,Nebraska,Female,0,0.0,63.0,8.0,0.0,0.0,5.0
1465,Nebraska,Female,1,0.0,15.0,0.0,0.0,5.0,2.0
1466,Nebraska,Female,5,0.0,20.0,5.0,0.0,7.0,8.0
1467,Nebraska,Female,15,6.0,64.0,8.0,0.0,3.0,4.0
1469,Nebraska,Female,25,5.0,95.0,8.0,8.0,0.0,10.0
1471,Nebraska,Female,35,10.0,186.0,8.0,5.0,0.0,15.0
1473,Nebraska,Female,45,34.0,410.0,42.0,17.0,4.0,60.0
1475,Nebraska,Female,55,96.0,1050.0,89.0,41.0,8.0,149.0
1476,Nebraska,Female,65,176.0,1849.0,169.0,74.0,3.0,276.0
1477,Nebraska,Female,75,310.0,2683.0,288.0,131.0,2.0,471.0
1478,Nebraska,Female,85,556.0,4909.0,436.0,171.0,12.0,833.0
1497,Nevada,Male,0,0.0,104.0,6.0,0.0,0.0,1.0
1499,Nevada,Male,1,0.0,23.0,2.0,0.0,0.0,4.0
1500,Nevada,Male,5,3.0,44.0,7.0,0.0,0.0,6.0
1501,Nevada,Male,15,4.0,338.0,1.0,5.0,0.0,12.0
1503,Nevada,Male,25,25.0,623.0,36.0,20.0,0.0,41.0
1505,Nevada,Male,35,94.0,873.0,91.0,67.0,3.0,119.0
1507,Nevada,Male,45,269.0,1668.0,279.0,213.0,8.0,337.0
1509,Nevada,Male,55,522.0,3426.0,571.0,405.0,10.0,698.0
1510,Nevada,Male,65,903.0,5399.0,1038.0,716.0,12.0,1236.0
1511,Nevada,Male,75,963.0,5638.0,1065.0,764.0,3.0,1273.0
1512,Nevada,Male,85,547.0,3819.0,611.0,438.0,2.0,722.0
1514,Nevada,Female,0,6.0,80.0,0.0,0.0,0.0,1.0
1516,Nevada,Female,1,0.0,14.0,0.0,0.0,0.0,0.0
1517,Nevada,Female,5,0.0,20.0,0.0,0.0,0.0,0.0
1518,Nevada,Female,15,5.0,123.0,5.0,0.0,0.0,7.0
1520,Nevada,Female,25,23.0,268.0,24.0,14.0,2.0,35.0
1522,Nevada,Female,35,33.0,461.0,41.0,21.0,8.0,55.0
1524,Nevada,Female,45,103.0,919.0,142.0,80.0,2.0,170.0
1526,Nevada,Female,55,261.0,2038.0,325.0,203.0,4.0,387.0
1527,Nevada,Female,65,475.0,3555.0,610.0,389.0,8.0,701.0
1528,Nevada,Female,75,610.0,4568.0,712.0,473.0,1.0,853.0
1529,Nevada,Female,85,481.0,4829.0,516.0,350.0,8.0,650.0
1548,New Hampshire,Male,0,0.0,31.0,0.0,0.0,0.0,0.0
1550,New Hampshire,Male,1,0.0,8.0,0.0,0.0,0.0,0.0
1551,New Hampshire,Male,5,0.0,11.0,4.0,0.0,0.0,4.0
1552,New Hampshire,Male,15,1.0,84.0,1.0,0.0,0.0,3.0
1554,New Hampshire,Male,25,4.0,204.0,2.0,5.0,4.0,2.0
1556,New Hampshire,Male,35,6.0,259.0,4.0,3.0,0.0,10.0
1558,New Hampshire,Male,45,14.0,486.0,15.0,3.0,5.0,26.0
1560,New Hampshire,Male,55,42.0,1181.0,68.0,16.0,0.0,94.0
1561,New Hampshire,Male,65,122.0,1901.0,139.0,52.0,2.0,212.0
1562,New Hampshire,Male,75,215.0,2151.0,195.0,74.0,3.0,342.0
1563,New Hampshire,Male,85,229.0,2263.0,173.0,62.0,4.0,342.0
1565,New Hampshire,Female,0,0.0,26.0,0.0,0.0,6.0,7.0
1567,New Hampshire,Female,1,0.0,5.0,0.0,0.0,0.0,0.0
1568,New Hampshire,Female,5,0.0,8.0,0.0,0.0,0.0,0.0
1569,New Hampshire,Female,15,0.0,32.0,0.0,0.0,0.0,0.0
1571,New Hampshire,Female,25,0.0,96.0,0.0,0.0,0.0,0.0
1573,New Hampshire,Female,35,0.0,123.0,8.0,0.0,0.0,3.0
1575,New Hampshire,Female,45,8.0,269.0,4.0,8.0,0.0,10.0
1577,New Hampshire,Female,55,11.0,678.0,23.0,8.0,6.0,35.0
1578,New Hampshire,Female,65,76.0,1285.0,93.0,27.0,2.0,150.0
1579,New Hampshire,Female,75,160.0,1978.0,141.0,43.0,1.0,260.0
1580,New Hampshire,Female,85,366.0,3557.0,211.0,69.0,2.0,515.0
1599,New Jersey,Male,0,2.0,200.0,8.0,0.0,0.0,4.0
1601,New Jersey,Male,1,0.0,43.0,0.0,0.0,0.0,0.0
1602,New Jersey,Male,5,0.0,42.0,0.0,0.0,0.0,0.0
1603,New Jersey,Male,15,15.0,495.0,14.0,6.0,0.0,26.0
1605,New Jersey,Male,25,107.0,1448.0,69.0,51.0,7.0,128.0
1607,New Jersey,Male,35,287.0,2094.0,187.0,135.0,4.0,341.0
1609,New Jersey,Male,45,832.0,4070.0,547.0,418.0,13.0,974.0
1611,New Jersey,Male,55,1921.0,8769.0,1345.0,987.0,11.0,2289.0
1612,New Jersey,Male,65,2888.0,12433.0,2116.0,1523.0,17.0,3496.0
1613,New Jersey,Male,75,3275.0,14475.0,2507.0,1729.0,21.0,4071.0
1614,New Jersey,Male,85,2971.0,15241.0,2329.0,1451.0,24.0,3873.0
1616,New Jersey,Female,0,4.0,182.0,1.0,1.0,7.0,8.0
1618,New Jersey,Female,1,4.0,29.0,0.0,0.0,0.0,8.0
1619,New Jersey,Female,5,6.0,39.0,4.0,0.0,0.0,1.0
1620,New Jersey,Female,15,4.0,191.0,5.0,7.0,0.0,13.0
1622,New Jersey,Female,25,50.0,537.0,42.0,22.0,1.0,73.0
1624,New Jersey,Female,35,104.0,970.0,74.0,48.0,1.0,131.0
1626,New Jersey,Female,45,324.0,2115.0,257.0,168.0,6.0,414.0
1628,New Jersey,Female,55,954.0,5288.0,681.0,491.0,8.0,1150.0
1629,New Jersey,Female,65,1694.0,8826.0,1242.0,868.0,5.0,2073.0
1630,New Jersey,Female,75,2715.0,13782.0,2048.0,1388.0,12.0,3386.0
1631,New Jersey,Female,85,4330.0,25109.0,2933.0,1870.0,30.0,5420.0
1650,New Mexico,Male,0,0.0,53.0,4.0,0.0,0.0,8.0
1652,New Mexico,Male,1,0.0,16.0,0.0,0.0,0.0,0.0
1653,New Mexico,Male,5,2.0,31.0,6.0,4.0,8.0,1.0
1654,New Mexico,Male,15,5.0,255.0,5.0,5.0,0.0,2.0
1656,New Mexico,Male,25,49.0,647.0,40.0,25.0,0.0,64.0
1658,New Mexico,Male,35,85.0,831.0,70.0,51.0,8.0,106.0
1660,New Mexico,Male,45,164.0,1135.0,146.0,99.0,4.0,218.0
1662,New Mexico,Male,55,357.0,2304.0,301.0,201.0,4.0,461.0
1663,New Mexico,Male,65,513.0,3152.0,434.0,284.0,2.0,671.0
1664,New Mexico,Male,75,529.0,3435.0,438.0,261.0,4.0,713.0
1665,New Mexico,Male,85,380.0,2933.0,328.0,158.0,8.0,552.0
1667,New Mexico,Female,0,0.0,39.0,0.0,0.0,0.0,0.0
1669,New Mexico,Female,1,0.0,5.0,5.0,0.0,7.0,8.0
1670,New Mexico,Female,5,0.0,11.0,0.0,0.0,0.0,0.0
1671,New Mexico,Female,15,5.0,96.0,4.0,5.0,6.0,2.0
1673,New Mexico,Female,25,24.0,310.0,22.0,13.0,0.0,33.0
1675,New Mexico,Female,35,53.0,427.0,51.0,34.0,2.0,73.0
1677,New Mexico,Female,45,105.0,698.0,90.0,65.0,4.0,133.0
1679,New Mexico,Female,55,223.0,1357.0,199.0,130.0,8.0,299.0
1680,New Mexico,Female,65,362.0,2354.0,322.0,207.0,7.0,481.0
1681,New Mexico,Female,75,425.0,3044.0,336.0,183.0,2.0,583.0
1682,New Mexico,Female,85,483.0,4169.0,316.0,169.0,7.0,634.0
1701,New York,Male,0,4.0,323.0,5.0,0.0,0.0,5.0
1703,New York,Male,1,8.0,46.0,1.0,5.0,8.0,2.0
1704,New York,Male,5,6.0,88.0,5.0,4.0,1.0,4.0
1705,New York,Male,15,18.0,733.0,23.0,6.0,0.0,32.0
1707,New York,Male,25,74.0,1702.0,74.0,33.0,3.0,117.0
1709,New York,Male,35,188.0,2331.0,138.0,76.0,6.0,252.0
1711,New York,Male,45,576.0,4234.0,433.0,275.0,8.0,741.0
1713,New York,Male,55,1601.0,10324.0,1307.0,789.0,24.0,2141.0
1714,New York,Male,65,2765.0,15744.0,2335.0,1350.0,32.0,3778.0
1715,New York,Male,75,3381.0,18707.0,2954.0,1603.0,36.0,4766.0
1716,New York,Male,85,3544.0,20781.0,3346.0,1580.0,37.0,5343.0
1718,New York,Female,0,0.0,259.0,7.0,0.0,0.0,7.0
1720,New York,Female,1,0.0,40.0,1.0,0.0,8.0,1.0
1721,New York,Female,5,4.0,71.0,0.0,0.0,6.0,2.0
1722,New York,Female,15,8.0,260.0,11.0,0.0,3.0,18.0
1724,New York,Female,25,32.0,723.0,35.0,17.0,0.0,50.0
1726,New York,Female,35,90.0,1156.0,73.0,38.0,7.0,128.0
1728,New York,Female,45,263.0,2425.0,227.0,126.0,1.0,368.0
1730,New York,Female,55,807.0,6447.0,775.0,399.0,16.0,1198.0
1731,New York,Female,65,1745.0,11653.0,1503.0,829.0,23.0,2442.0
1732,New York,Female,75,2896.0,17587.0,2362.0,1277.0,29.0,4010.0
1733,New York,Female,85,5344.0,33573.0,3982.0,1931.0,62.0,7446.0
1752,New York City,Male,0,5.0,260.0,3.0,0.0,0.0,6.0
1754,New York City,Male,1,7.0,35.0,2.0,4.0,0.0,6.0
1755,New York City,Male,5,2.0,72.0,2.0,7.0,3.0,13.0
1756,New York City,Male,15,27.0,506.0,17.0,2.0,8.0,35.0
1758,New York City,Male,25,145.0,1335.0,82.0,49.0,4.0,180.0
1760,New York City,Male,35,475.0,2177.0,196.0,139.0,28.0,539.0
1762,New York City,Male,45,1200.0,4130.0,599.0,433.0,79.0,1375.0
1764,New York City,Male,55,2793.0,8932.0,1475.0,1021.0,157.0,3271.0
1765,New York City,Male,65,4228.0,12131.0,2224.0,1581.0,146.0,4881.0
1766,New York City,Male,75,4144.0,12306.0,2364.0,1587.0,115.0,4937.0
1767,New York City,Male,85,2941.0,11091.0,1953.0,1153.0,84.0,3759.0
1769,New York City,Female,0,2.0,212.0,5.0,0.0,0.0,4.0
1771,New York City,Female,1,6.0,18.0,7.0,7.0,0.0,7.0
1772,New York City,Female,5,3.0,54.0,5.0,0.0,4.0,8.0
1773,New York City,Female,15,12.0,191.0,5.0,5.0,7.0,16.0
1775,New York City,Female,25,71.0,509.0,41.0,23.0,1.0,92.0
1777,New York City,Female,35,153.0,962.0,91.0,48.0,7.0,197.0
1779,New York City,Female,45,500.0,2121.0,285.0,178.0,34.0,614.0
1781,New York City,Female,55,1362.0,5013.0,767.0,529.0,71.0,1615.0
1782,New York City,Female,65,2364.0,8214.0,1323.0,920.0,93.0,2787.0
1783,New York City,Female,75,3021.0,11019.0,1784.0,1155.0,95.0,3673.0
1784,New York City,Female,85,3701.0,18440.0,2352.0,1366.0,101.0,4722.0
1803,North Carolina,Male,0,0.0,415.0,6.0,0.0,8.0,7.0
1805,North Carolina,Male,1,0.0,65.0,6.0,0.0,7.0,1.0
1806,North Carolina,Male,5,8.0,109.0,2.0,0.0,0.0,1.0
1807,North Carolina,Male,15,8.0,977.0,3.0,2.0,4.0,12.0
1809,North Carolina,Male,25,24.0,1803.0,30.0,6.0,0.0,47.0
1811,North Carolina,Male,35,79.0,2124.0,67.0,29.0,8.0,123.0
1813,North Carolina,Male,45,196.0,3772.0,204.0,86.0,12.0,326.0
1815,North Carolina,Male,55,430.0,8062.0,565.0,208.0,37.0,824.0
1816,North Carolina,Male,65,831.0,11673.0,1084.0,420.0,28.0,1521.0
1817,North Carolina,Male,75,963.0,12398.0,1258.0,459.0,25.0,1787.0
1818,North Carolina,Male,85,736.0,9718.0,957.0,339.0,22.0,1375.0
1820,North Carolina,Female,0,0.0,327.0,1.0,0.0,0.0,5.0
1822,North Carolina,Female,1,0.0,43.0,4.0,0.0,6.0,3.0
1823,North Carolina,Female,5,0.0,81.0,7.0,0.0,6.0,6.0
1824,North Carolina,Female,15,5.0,360.0,6.0,3.0,6.0,7.0
1826,North Carolina,Female,25,16.0,759.0,31.0,10.0,2.0,44.0
1828,North Carolina,Female,35,32.0,1187.0,57.0,12.0,4.0,80.0
1830,North Carolina,Female,45,104.0,2367.0,144.0,46.0,14.0,216.0
1832,North Carolina,Female,55,264.0,5259.0,412.0,136.0,24.0,564.0
1833,North Carolina,Female,65,617.0,8691.0,796.0,315.0,39.0,1137.0
1834,North Carolina,Female,75,862.0,12198.0,1020.0,367.0,26.0,1541.0
1835,North Carolina,Female,85,1215.0,16699.0,1273.0,431.0,30.0,2087.0
1854,North Dakota,Male,0,0.0,35.0,4.0,0.0,0.0,3.0
1856,North Dakota,Male,1,0.0,1.0,0.0,0.0,0.0,0.0
1857,North Dakota,Male,5,0.0,15.0,0.0,0.0,0.0,0.0
1858,North Dakota,Male,15,7.0,76.0,4.0,0.0,0.0,8.0
1860,North Dakota,Male,25,6.0,169.0,1.0,7.0,0.0,3.0
1862,North Dakota,Male,35,16.0,214.0,24.0,14.0,6.0,28.0
1864,North Dakota,Male,45,32.0,294.0,40.0,19.0,0.0,53.0
1866,North Dakota,Male,55,93.0,708.0,90.0,52.0,1.0,132.0
1867,North Dakota,Male,65,181.0,1076.0,186.0,108.0,1.0,263.0
1868,North Dakota,Male,75,242.0,1292.0,234.0,143.0,2.0,335.0
1869,North Dakota,Male,85,338.0,1436.0,249.0,162.0,3.0,429.0
1871,North Dakota,Female,0,0.0,23.0,0.0,0.0,0.0,0.0
1873,North Dakota,Female,1,0.0,1.0,0.0,0.0,0.0,0.0
1874,North Dakota,Female,5,0.0,6.0,0.0,0.0,0.0,0.0
1875,North Dakota,Female,15,3.0,38.0,2.0,0.0,0.0,8.0
1877,North Dakota,Female,25,1.0,57.0,3.0,2.0,0.0,8.0
1879,North Dakota,Female,35,5.0,84.0,7.0,7.0,0.0,6.0
1881,North Dakota,Female,45,14.0,161.0,14.0,6.0,1.0,23.0
1883,North Dakota,Female,55,43.0,429.0,46.0,24.0,3.0,66.0
1884,North Dakota,Female,65,95.0,675.0,112.0,55.0,7.0,156.0
1885,North Dakota,Female,75,194.0,1076.0,158.0,98.0,5.0,261.0
1886,North Dakota,Female,85,373.0,2070.0,235.0,137.0,3.0,475.0
1905,Ohio,Male,0,0.0,551.0,7.0,0.0,0.0,6.0
1907,Ohio,Male,1,6.0,103.0,1.0,0.0,2.0,2.0
1908,Ohio,Male,5,0.0,152.0,1.0,0.0,5.0,6.0
1909,Ohio,Male,15,6.0,1135.0,16.0,2.0,5.0,20.0
1911,Ohio,Male,25,32.0,2565.0,50.0,11.0,2.0,79.0
1913,Ohio,Male,35,103.0,3295.0,127.0,47.0,3.0,187.0
1915,Ohio,Male,45,325.0,5639.0,339.0,150.0,15.0,529.0
1917,Ohio,Male,55,1135.0,13519.0,1141.0,572.0,33.0,1736.0
1918,Ohio,Male,65,2627.0,20133.0,2365.0,1393.0,43.0,3642.0
1919,Ohio,Male,75,3503.0,21766.0,2856.0,1821.0,30.0,4567.0
1920,Ohio,Male,85,3165.0,20297.0,2367.0,1433.0,20.0,4119.0
1922,Ohio,Female,0,5.0,483.0,2.0,0.0,0.0,11.0
1924,Ohio,Female,1,4.0,68.0,5.0,0.0,0.0,4.0
1925,Ohio,Female,5,5.0,102.0,0.0,0.0,3.0,4.0
1926,Ohio,Female,15,4.0,448.0,1.0,1.0,4.0,15.0
1928,Ohio,Female,25,27.0,1229.0,43.0,11.0,6.0,68.0
1930,Ohio,Female,35,73.0,1797.0,76.0,33.0,6.0,124.0
1932,Ohio,Female,45,197.0,3649.0,236.0,83.0,12.0,362.0
1934,Ohio,Female,55,706.0,8666.0,774.0,378.0,22.0,1124.0
1935,Ohio,Female,65,1637.0,14759.0,1480.0,831.0,31.0,2317.0
1936,Ohio,Female,75,2859.0,20960.0,2111.0,1223.0,39.0,3785.0
1937,Ohio,Female,85,4430.0,32535.0,2638.0,1540.0,41.0,5569.0
1956,Oklahoma,Male,0,8.0,169.0,7.0,0.0,0.0,2.0
1958,Oklahoma,Male,1,5.0,44.0,4.0,0.0,0.0,6.0
1959,Oklahoma,Male,5,0.0,65.0,6.0,0.0,7.0,1.0
1960,Oklahoma,Male,15,7.0,400.0,10.0,1.0,0.0,11.0
1962,Oklahoma,Male,25,31.0,734.0,35.0,11.0,2.0,56.0
1964,Oklahoma,Male,35,68.0,1129.0,78.0,24.0,1.0,123.0
1966,Oklahoma,Male,45,217.0,2054.0,194.0,99.0,12.0,323.0
1968,Oklahoma,Male,55,581.0,4856.0,512.0,229.0,15.0,878.0
1969,Oklahoma,Male,65,1123.0,7094.0,982.0,497.0,16.0,1621.0
1970,Oklahoma,Male,75,1263.0,7424.0,1131.0,556.0,16.0,1853.0
1971,Oklahoma,Male,85,1005.0,5854.0,836.0,424.0,6.0,1423.0
1973,Oklahoma,Female,0,6.0,127.0,6.0,0.0,7.0,3.0
1975,Oklahoma,Female,1,0.0,27.0,5.0,0.0,6.0,4.0
1976,Oklahoma,Female,5,4.0,55.0,7.0,0.0,0.0,4.0
1977,Oklahoma,Female,15,3.0,169.0,3.0,0.0,2.0,2.0
1979,Oklahoma,Female,25,16.0,330.0,24.0,7.0,4.0,34.0
1981,Oklahoma,Female,35,53.0,642.0,44.0,12.0,8.0,90.0
1983,Oklahoma,Female,45,149.0,1288.0,131.0,59.0,8.0,222.0
1985,Oklahoma,Female,55,384.0,3201.0,420.0,176.0,17.0,643.0
1986,Oklahoma,Female,65,787.0,5450.0,742.0,323.0,20.0,1225.0
1987,Oklahoma,Female,75,997.0,6907.0,834.0,398.0,17.0,1447.0
1988,Oklahoma,Female,85,1188.0,8709.0,818.0,381.0,17.0,1640.0
2007,Oregon,Male,0,0.0,110.0,0.0,0.0,0.0,0.0
2009,Oregon,Male,1,0.0,21.0,0.0,0.0,0.0,0.0
2010,Oregon,Male,5,0.0,38.0,0.0,0.0,3.0,4.0
2011,Oregon,Male,15,3.0,348.0,3.0,2.0,4.0,7.0
2013,Oregon,Male,25,5.0,644.0,1.0,0.0,0.0,14.0
2015,Oregon,Male,35,19.0,802.0,22.0,1.0,8.0,39.0
2017,Oregon,Male,45,60.0,1543.0,54.0,18.0,8.0,103.0
2019,Oregon,Male,55,156.0,3560.0,170.0,58.0,1.0,275.0
2020,Oregon,Male,65,223.0,5731.0,327.0,93.0,15.0,472.0
2021,Oregon,Male,75,369.0,6488.0,432.0,151.0,10.0,660.0
2022,Oregon,Male,85,337.0,6144.0,388.0,118.0,10.0,617.0
2024,Oregon,Female,0,0.0,112.0,0.0,0.0,0.0,0.0
2026,Oregon,Female,1,0.0,4.0,0.0,0.0,0.0,0.0
2027,Oregon,Female,5,0.0,27.0,7.0,0.0,6.0,8.0
2028,Oregon,Female,15,0.0,125.0,7.0,0.0,0.0,7.0
2030,Oregon,Female,25,2.0,259.0,2.0,8.0,6.0,13.0
2032,Oregon,Female,35,10.0,447.0,15.0,4.0,8.0,22.0
2034,Oregon,Female,45,23.0,882.0,40.0,3.0,6.0,59.0
2036,Oregon,Female,55,74.0,2173.0,129.0,29.0,6.0,181.0
2037,Oregon,Female,65,176.0,4270.0,260.0,88.0,6.0,352.0
2038,Oregon,Female,75,288.0,5617.0,292.0,85.0,12.0,506.0
2039,Oregon,Female,85,454.0,8963.0,426.0,108.0,7.0,780.0
2058,Pennsylvania,Male,0,0.0,492.0,5.0,0.0,0.0,7.0
2060,Pennsylvania,Male,1,0.0,95.0,7.0,0.0,0.0,8.0
2061,Pennsylvania,Male,5,7.0,146.0,2.0,0.0,2.0,2.0
2062,Pennsylvania,Male,15,14.0,1143.0,13.0,1.0,0.0,24.0
2064,Pennsylvania,Male,25,64.0,2585.0,62.0,28.0,3.0,101.0
2066,Pennsylvania,Male,35,121.0,3118.0,115.0,55.0,5.0,184.0
2068,Pennsylvania,Male,45,440.0,5633.0,332.0,179.0,11.0,604.0
2070,Pennsylvania,Male,55,1396.0,13641.0,1134.0,635.0,31.0,1923.0
2071,Pennsylvania,Male,65,2933.0,21131.0,2386.0,1425.0,33.0,3926.0
2072,Pennsylvania,Male,75,3847.0,24131.0,3057.0,1801.0,46.0,5148.0
2073,Pennsylvania,Male,85,4148.0,25185.0,2824.0,1619.0,32.0,5383.0
2075,Pennsylvania,Female,0,0.0,417.0,6.0,0.0,0.0,6.0
2077,Pennsylvania,Female,1,0.0,80.0,8.0,0.0,0.0,2.0
2078,Pennsylvania,Female,5,0.0,82.0,5.0,0.0,0.0,1.0
2079,Pennsylvania,Female,15,6.0,376.0,12.0,2.0,0.0,18.0
2081,Pennsylvania,Female,25,22.0,1055.0,32.0,11.0,8.0,46.0
2083,Pennsylvania,Female,35,67.0,1640.0,82.0,33.0,1.0,123.0
2085,Pennsylvania,Female,45,246.0,3391.0,219.0,104.0,8.0,366.0
2087,Pennsylvania,Female,55,764.0,8555.0,738.0,354.0,33.0,1179.0
2088,Pennsylvania,Female,65,1912.0,15294.0,1559.0,886.0,22.0,2607.0
2089,Pennsylvania,Female,75,3182.0,22544.0,2159.0,1276.0,51.0,4115.0
2090,Pennsylvania,Female,85,6433.0,41694.0,3457.0,1866.0,57.0,8079.0
2109,Rhode Island,Male,0,0.0,33.0,0.0,0.0,0.0,0.0
2111,Rhode Island,Male,1,0.0,2.0,0.0,0.0,0.0,0.0
2112,Rhode Island,Male,5,0.0,11.0,4.0,0.0,0.0,1.0
2113,Rhode Island,Male,15,0.0,66.0,0.0,0.0,0.0,0.0
2115,Rhode Island,Male,25,2.0,156.0,4.0,0.0,0.0,6.0
2117,Rhode Island,Male,35,14.0,210.0,7.0,4.0,0.0,17.0
2119,Rhode Island,Male,45,31.0,406.0,24.0,14.0,0.0,41.0
2121,Rhode Island,Male,55,128.0,1005.0,96.0,58.0,8.0,167.0
2122,Rhode Island,Male,65,272.0,1469.0,195.0,144.0,3.0,325.0
2123,Rhode Island,Male,75,336.0,1713.0,239.0,150.0,7.0,428.0
2124,Rhode Island,Male,85,430.0,2156.0,295.0,189.0,2.0,541.0
2126,Rhode Island,Female,0,0.0,29.0,0.0,0.0,0.0,0.0
2128,Rhode Island,Female,1,0.0,3.0,4.0,0.0,0.0,5.0
2129,Rhode Island,Female,5,8.0,4.0,0.0,0.0,0.0,1.0
2130,Rhode Island,Female,15,0.0,23.0,3.0,0.0,0.0,2.0
2132,Rhode Island,Female,25,7.0,66.0,6.0,4.0,4.0,4.0
2134,Rhode Island,Female,35,3.0,115.0,8.0,2.0,5.0,4.0
2136,Rhode Island,Female,45,21.0,217.0,21.0,12.0,0.0,30.0
2138,Rhode Island,Female,55,61.0,632.0,60.0,32.0,3.0,90.0
2139,Rhode Island,Female,65,189.0,1010.0,132.0,97.0,6.0,226.0
2140,Rhode Island,Female,75,310.0,1671.0,207.0,141.0,5.0,383.0
2141,Rhode Island,Female,85,725.0,3575.0,359.0,234.0,5.0,859.0
2160,South Carolina,Male,0,8.0,219.0,7.0,0.0,0.0,6.0
2162,South Carolina,Male,1,0.0,35.0,5.0,0.0,0.0,7.0
2163,South Carolina,Male,5,2.0,65.0,0.0,0.0,0.0,6.0
2164,South Carolina,Male,15,1.0,666.0,6.0,6.0,3.0,15.0
2166,South Carolina,Male,25,22.0,1176.0,26.0,12.0,5.0,39.0
2168,South Carolina,Male,35,85.0,1490.0,72.0,40.0,6.0,120.0
2170,South Carolina,Male,45,185.0,2749.0,187.0,80.0,11.0,302.0
2172,South Carolina,Male,55,577.0,6101.0,589.0,298.0,12.0,880.0
2173,South Carolina,Male,65,1178.0,9158.0,1072.0,617.0,17.0,1650.0
2174,South Carolina,Male,75,1455.0,9589.0,1262.0,730.0,21.0,2005.0
2175,South Carolina,Male,85,883.0,6774.0,791.0,414.0,6.0,1267.0
2177,South Carolina,Female,0,0.0,171.0,6.0,0.0,0.0,4.0
2179,South Carolina,Female,1,0.0,33.0,0.0,0.0,7.0,3.0
2180,South Carolina,Female,5,3.0,40.0,3.0,0.0,0.0,4.0
2181,South Carolina,Female,15,8.0,225.0,2.0,0.0,0.0,7.0
2183,South Carolina,Female,25,16.0,525.0,29.0,11.0,7.0,35.0
2185,South Carolina,Female,35,40.0,881.0,40.0,17.0,2.0,71.0
2187,South Carolina,Female,45,135.0,1738.0,152.0,69.0,12.0,229.0
2189,South Carolina,Female,55,441.0,4062.0,423.0,221.0,14.0,657.0
2190,South Carolina,Female,65,860.0,6666.0,749.0,431.0,11.0,1187.0
2191,South Carolina,Female,75,1058.0,8573.0,884.0,496.0,17.0,1463.0
2192,South Carolina,Female,85,1185.0,11076.0,915.0,455.0,14.0,1659.0
2211,South Dakota,Male,0,0.0,36.0,0.0,0.0,0.0,0.0
2213,South Dakota,Male,1,0.0,11.0,2.0,0.0,0.0,6.0
2214,South Dakota,Male,5,0.0,15.0,0.0,0.0,6.0,3.0
2215,South Dakota,Male,15,2.0,101.0,6.0,3.0,0.0,6.0
2217,South Dakota,Male,25,11.0,156.0,3.0,3.0,0.0,12.0
2219,South Dakota,Male,35,11.0,231.0,10.0,3.0,8.0,18.0
2221,South Dakota,Male,45,32.0,344.0,35.0,18.0,0.0,49.0
2223,South Dakota,Male,55,118.0,874.0,118.0,68.0,6.0,171.0
2224,South Dakota,Male,65,212.0,1351.0,194.0,114.0,4.0,296.0
2225,South Dakota,Male,75,310.0,1582.0,246.0,138.0,1.0,421.0
2226,South Dakota,Male,85,372.0,1754.0,260.0,153.0,8.0,484.0
2228,South Dakota,Female,0,0.0,48.0,0.0,0.0,0.0,0.0
2230,South Dakota,Female,1,0.0,6.0,4.0,0.0,0.0,3.0
2231,South Dakota,Female,5,0.0,5.0,4.0,0.0,0.0,2.0
2232,South Dakota,Female,15,4.0,33.0,1.0,0.0,6.0,3.0
2234,South Dakota,Female,25,3.0,53.0,2.0,4.0,4.0,2.0
2236,South Dakota,Female,35,7.0,117.0,4.0,5.0,0.0,11.0
2238,South Dakota,Female,45,35.0,217.0,25.0,12.0,0.0,48.0
2240,South Dakota,Female,55,65.0,539.0,74.0,41.0,8.0,100.0
2241,South Dakota,Female,65,172.0,931.0,156.0,101.0,7.0,231.0
2242,South Dakota,Female,75,204.0,1201.0,146.0,85.0,3.0,267.0
2243,South Dakota,Female,85,431.0,2413.0,205.0,103.0,6.0,537.0
2262,Tennessee,Male,0,4.0,394.0,10.0,5.0,0.0,10.0
2264,Tennessee,Male,1,8.0,77.0,4.0,0.0,1.0,3.0
2265,Tennessee,Male,5,0.0,124.0,1.0,0.0,6.0,4.0
2266,Tennessee,Male,15,7.0,933.0,14.0,1.0,4.0,23.0
2268,Tennessee,Male,25,38.0,1885.0,51.0,16.0,8.0,76.0
2270,Tennessee,Male,35,112.0,2563.0,115.0,51.0,3.0,182.0
2272,Tennessee,Male,45,345.0,4463.0,364.0,176.0,10.0,542.0
2274,Tennessee,Male,55,880.0,9620.0,1001.0,502.0,29.0,1406.0
2275,Tennessee,Male,65,1752.0,13545.0,1818.0,971.0,41.0,2639.0
2276,Tennessee,Male,75,2062.0,14063.0,2119.0,1142.0,23.0,3061.0
2277,Tennessee,Male,85,1281.0,9773.0,1330.0,665.0,15.0,1957.0
2279,Tennessee,Female,0,6.0,268.0,2.0,0.0,0.0,2.0
2281,Tennessee,Female,1,5.0,58.0,8.0,0.0,0.0,1.0
2282,Tennessee,Female,5,6.0,66.0,8.0,0.0,2.0,1.0
2283,Tennessee,Female,15,11.0,367.0,14.0,6.0,5.0,22.0
2285,Tennessee,Female,25,21.0,882.0,28.0,2.0,8.0,44.0
2287,Tennessee,Female,35,77.0,1496.0,97.0,37.0,1.0,146.0
2289,Tennessee,Female,45,209.0,2859.0,267.0,119.0,12.0,369.0
2291,Tennessee,Female,55,612.0,6375.0,740.0,368.0,18.0,1001.0
2292,Tennessee,Female,65,1155.0,10093.0,1262.0,583.0,25.0,1858.0
2293,Tennessee,Female,75,1544.0,12794.0,1550.0,753.0,32.0,2372.0
2294,Tennessee,Female,85,1728.0,16129.0,1512.0,720.0,21.0,2540.0
2313,Texas,Male,0,1.0,1291.0,5.0,5.0,8.0,14.0
2315,Texas,Male,1,1.0,253.0,11.0,0.0,2.0,16.0
2316,Texas,Male,5,11.0,421.0,16.0,4.0,6.0,28.0
2317,Texas,Male,15,58.0,2999.0,70.0,23.0,0.0,105.0
2319,Texas,Male,25,327.0,4983.0,271.0,161.0,2.0,445.0
2321,Texas,Male,35,860.0,6961.0,664.0,440.0,10.0,1094.0
2323,Texas,Male,45,2435.0,13326.0,1819.0,1295.0,32.0,2989.0
2325,Texas,Male,55,5151.0,28308.0,4208.0,2827.0,70.0,6597.0
2326,Texas,Male,65,7765.0,39401.0,6803.0,4593.0,70.0,10034.0
2327,Texas,Male,75,7631.0,40037.0,6832.0,4439.0,76.0,10089.0
2328,Texas,Male,85,4924.0,31421.0,4513.0,2673.0,37.0,6799.0
2330,Texas,Female,0,6.0,1011.0,7.0,2.0,0.0,11.0
2332,Texas,Female,1,4.0,203.0,11.0,0.0,1.0,14.0
2333,Texas,Female,5,2.0,282.0,8.0,5.0,7.0,13.0
2334,Texas,Female,15,49.0,1028.0,49.0,25.0,4.0,78.0
2336,Texas,Female,25,187.0,2079.0,147.0,86.0,7.0,256.0
2338,Texas,Female,35,482.0,3812.0,425.0,252.0,17.0,671.0
2340,Texas,Female,45,1169.0,7648.0,1068.0,657.0,32.0,1612.0
2342,Texas,Female,55,2862.0,17368.0,2647.0,1675.0,52.0,3883.0
2343,Texas,Female,65,4900.0,28154.0,4469.0,2890.0,68.0,6540.0
2344,Texas,Female,75,5546.0,35894.0,4981.0,3090.0,61.0,7490.0
2345,Texas,Female,85,5955.0,47366.0,4928.0,2740.0,57.0,8194.0
2364,Utah,Male,0,0.0,161.0,5.0,0.0,0.0,1.0
2366,Utah,Male,1,0.0,21.0,0.0,0.0,0.0,0.0
2367,Utah,Male,5,6.0,43.0,3.0,0.0,5.0,2.0
2368,Utah,Male,15,3.0,303.0,1.0,1.0,7.0,10.0
2370,Utah,Male,25,16.0,470.0,13.0,4.0,6.0,24.0
2372,Utah,Male,35,36.0,657.0,32.0,14.0,2.0,60.0
2374,Utah,Male,45,96.0,922.0,82.0,50.0,1.0,133.0
2376,Utah,Male,55,167.0,1816.0,167.0,86.0,2.0,256.0
2377,Utah,Male,65,339.0,2833.0,324.0,186.0,4.0,481.0
2378,Utah,Male,75,384.0,3414.0,362.0,195.0,3.0,557.0
2379,Utah,Male,85,315.0,3433.0,283.0,125.0,4.0,477.0
2381,Utah,Female,0,0.0,144.0,2.0,0.0,0.0,1.0
2383,Utah,Female,1,0.0,15.0,3.0,0.0,0.0,2.0
2384,Utah,Female,5,0.0,36.0,3.0,0.0,2.0,8.0
2385,Utah,Female,15,2.0,114.0,3.0,0.0,2.0,2.0
2387,Utah,Female,25,10.0,252.0,13.0,5.0,3.0,20.0
2389,Utah,Female,35,23.0,405.0,30.0,14.0,0.0,39.0
2391,Utah,Female,45,48.0,575.0,46.0,16.0,1.0,80.0
2393,Utah,Female,55,90.0,1205.0,116.0,46.0,2.0,161.0
2394,Utah,Female,65,193.0,2075.0,188.0,85.0,3.0,300.0
2395,Utah,Female,75,227.0,3205.0,241.0,92.0,2.0,380.0
2396,Utah,Female,85,305.0,4557.0,247.0,88.0,8.0,468.0
2415,Vermont,Male,0,0.0,11.0,6.0,0.0,0.0,3.0
2417,Vermont,Male,1,0.0,3.0,0.0,0.0,0.0,0.0
2418,Vermont,Male,5,0.0,8.0,0.0,0.0,0.0,0.0
2419,Vermont,Male,15,0.0,38.0,0.0,0.0,0.0,0.0
2421,Vermont,Male,25,0.0,88.0,0.0,0.0,0.0,0.0
2423,Vermont,Male,35,4.0,124.0,8.0,5.0,0.0,8.0
2425,Vermont,Male,45,7.0,226.0,8.0,3.0,5.0,3.0
2427,Vermont,Male,55,1.0,546.0,17.0,4.0,4.0,24.0
2428,Vermont,Male,65,18.0,834.0,41.0,6.0,4.0,59.0
2429,Vermont,Male,75,36.0,981.0,68.0,14.0,6.0,92.0
2430,Vermont,Male,85,38.0,1037.0,74.0,17.0,8.0,98.0
2432,Vermont,Female,0,0.0,5.0,0.0,0.0,0.0,0.0
2434,Vermont,Female,1,0.0,0.0,0.0,0.0,0.0,0.0
2435,Vermont,Female,5,0.0,2.0,0.0,0.0,0.0,0.0
2436,Vermont,Female,15,0.0,15.0,0.0,0.0,0.0,0.0
2438,Vermont,Female,25,0.0,38.0,5.0,0.0,0.0,2.0
2440,Vermont,Female,35,6.0,79.0,3.0,0.0,3.0,5.0
2442,Vermont,Female,45,3.0,120.0,7.0,3.0,0.0,8.0
2444,Vermont,Female,55,7.0,302.0,1.0,7.0,0.0,4.0
2445,Vermont,Female,65,11.0,570.0,21.0,2.0,8.0,33.0
2446,Vermont,Female,75,29.0,896.0,41.0,1.0,2.0,68.0
2447,Vermont,Female,85,60.0,1589.0,88.0,12.0,4.0,140.0
2466,Virginia,Male,0,8.0,333.0,6.0,0.0,6.0,8.0
2468,Virginia,Male,1,0.0,53.0,2.0,0.0,0.0,8.0
2469,Virginia,Male,5,0.0,95.0,4.0,0.0,3.0,8.0
2470,Virginia,Male,15,8.0,779.0,3.0,7.0,5.0,14.0
2472,Virginia,Male,25,20.0,1407.0,31.0,2.0,4.0,46.0
2474,Virginia,Male,35,68.0,1882.0,57.0,24.0,2.0,106.0
2476,Virginia,Male,45,241.0,3302.0,194.0,112.0,5.0,328.0
2478,Virginia,Male,55,664.0,7791.0,579.0,320.0,16.0,938.0
2479,Virginia,Male,65,1229.0,11238.0,1053.0,600.0,24.0,1703.0
2480,Virginia,Male,75,1515.0,12710.0,1284.0,698.0,16.0,2115.0
2481,Virginia,Male,85,1355.0,11190.0,1038.0,509.0,18.0,1900.0
2483,Virginia,Female,0,0.0,277.0,0.0,0.0,4.0,1.0
2485,Virginia,Female,1,0.0,44.0,4.0,0.0,0.0,8.0
2486,Virginia,Female,5,0.0,59.0,4.0,0.0,2.0,5.0
2487,Virginia,Female,15,5.0,269.0,3.0,2.0,3.0,10.0
2489,Virginia,Female,25,20.0,604.0,22.0,6.0,5.0,35.0
2491,Virginia,Female,35,54.0,1061.0,55.0,26.0,3.0,85.0
2493,Virginia,Female,45,128.0,2119.0,126.0,52.0,8.0,205.0
2495,Virginia,Female,55,373.0,5043.0,405.0,193.0,17.0,602.0
2496,Virginia,Female,65,878.0,8424.0,745.0,407.0,3.0,1223.0
2497,Virginia,Female,75,1267.0,12038.0,947.0,489.0,15.0,1738.0
2498,Virginia,Female,85,2055.0,17951.0,1198.0,552.0,21.0,2720.0
2517,Washington,Male,0,0.0,247.0,5.0,0.0,1.0,3.0
2519,Washington,Male,1,0.0,45.0,7.0,0.0,0.0,2.0
2520,Washington,Male,5,0.0,70.0,1.0,0.0,7.0,3.0
2521,Washington,Male,15,8.0,595.0,13.0,4.0,4.0,17.0
2523,Washington,Male,25,12.0,1089.0,26.0,8.0,4.0,36.0
2525,Washington,Male,35,47.0,1453.0,73.0,24.0,3.0,99.0
2527,Washington,Male,45,137.0,2511.0,188.0,87.0,5.0,244.0
2529,Washington,Male,55,311.0,5757.0,466.0,208.0,20.0,588.0
2530,Washington,Male,65,605.0,9048.0,903.0,370.0,27.0,1165.0
2531,Washington,Male,75,771.0,9841.0,971.0,457.0,14.0,1299.0
2532,Washington,Male,85,769.0,9494.0,904.0,403.0,14.0,1284.0
2534,Washington,Female,0,0.0,192.0,4.0,0.0,0.0,2.0
2536,Washington,Female,1,0.0,28.0,6.0,0.0,8.0,8.0
2537,Washington,Female,5,3.0,61.0,6.0,0.0,0.0,8.0
2538,Washington,Female,15,7.0,221.0,6.0,5.0,0.0,10.0
2540,Washington,Female,25,4.0,456.0,19.0,8.0,4.0,24.0
2542,Washington,Female,35,27.0,783.0,42.0,16.0,3.0,57.0
2544,Washington,Female,45,58.0,1566.0,116.0,36.0,7.0,141.0
2546,Washington,Female,55,172.0,3707.0,322.0,105.0,12.0,401.0
2547,Washington,Female,65,399.0,6517.0,564.0,246.0,11.0,727.0
2548,Washington,Female,75,600.0,8721.0,715.0,328.0,19.0,1004.0
2549,Washington,Female,85,948.0,14185.0,995.0,387.0,14.0,1569.0
2568,West Virginia,Male,0,0.0,68.0,3.0,0.0,0.0,3.0
2570,West Virginia,Male,1,0.0,14.0,0.0,0.0,0.0,0.0
2571,West Virginia,Male,5,0.0,25.0,0.0,0.0,0.0,0.0
2572,West Virginia,Male,15,5.0,134.0,5.0,7.0,0.0,7.0
2574,West Virginia,Male,25,6.0,422.0,3.0,3.0,8.0,3.0
2576,West Virginia,Male,35,4.0,644.0,20.0,1.0,8.0,29.0
2578,West Virginia,Male,45,55.0,1057.0,67.0,28.0,2.0,99.0
2580,West Virginia,Male,55,120.0,2304.0,189.0,67.0,2.0,247.0
2581,West Virginia,Male,65,368.0,3570.0,449.0,211.0,7.0,615.0
2582,West Virginia,Male,75,462.0,3793.0,516.0,254.0,2.0,733.0
2583,West Virginia,Male,85,306.0,2675.0,317.0,140.0,5.0,487.0
2585,West Virginia,Female,0,0.0,41.0,0.0,0.0,0.0,0.0
2587,West Virginia,Female,1,0.0,11.0,8.0,0.0,0.0,2.0
2588,West Virginia,Female,5,0.0,11.0,0.0,0.0,8.0,2.0
2589,West Virginia,Female,15,0.0,55.0,5.0,0.0,0.0,8.0
2591,West Virginia,Female,25,1.0,183.0,8.0,0.0,2.0,14.0
2593,West Virginia,Female,35,13.0,317.0,21.0,7.0,3.0,29.0
2595,West Virginia,Female,45,28.0,641.0,59.0,14.0,6.0,75.0
2597,West Virginia,Female,55,104.0,1532.0,168.0,55.0,7.0,222.0
2598,West Virginia,Female,65,242.0,2518.0,283.0,129.0,7.0,403.0
2599,West Virginia,Female,75,354.0,3361.0,364.0,171.0,4.0,552.0
2600,West Virginia,Female,85,450.0,4255.0,381.0,155.0,6.0,683.0
2619,Wisconsin,Male,0,1.0,226.0,7.0,0.0,0.0,5.0
2621,Wisconsin,Male,1,0.0,31.0,0.0,0.0,0.0,0.0
2622,Wisconsin,Male,5,0.0,63.0,8.0,0.0,5.0,1.0
2623,Wisconsin,Male,15,1.0,467.0,1.0,4.0,6.0,12.0
2625,Wisconsin,Male,25,21.0,963.0,16.0,7.0,7.0,31.0
2627,Wisconsin,Male,35,41.0,1229.0,39.0,13.0,5.0,70.0
2629,Wisconsin,Male,45,146.0,2109.0,92.0,34.0,11.0,215.0
2631,Wisconsin,Male,55,388.0,5313.0,329.0,120.0,12.0,608.0
2632,Wisconsin,Male,65,925.0,8503.0,659.0,351.0,23.0,1254.0
2633,Wisconsin,Male,75,1270.0,9712.0,962.0,501.0,22.0,1753.0
2634,Wisconsin,Male,85,1358.0,10174.0,916.0,454.0,17.0,1837.0
2636,Wisconsin,Female,0,0.0,181.0,2.0,0.0,0.0,6.0
2638,Wisconsin,Female,1,0.0,24.0,0.0,0.0,0.0,0.0
2639,Wisconsin,Female,5,0.0,52.0,0.0,0.0,0.0,0.0
2640,Wisconsin,Female,15,7.0,177.0,3.0,5.0,3.0,5.0
2642,Wisconsin,Female,25,12.0,412.0,11.0,7.0,6.0,22.0
2644,Wisconsin,Female,35,27.0,609.0,28.0,8.0,8.0,53.0
2646,Wisconsin,Female,45,85.0,1304.0,68.0,23.0,4.0,136.0
2648,Wisconsin,Female,55,233.0,3361.0,226.0,79.0,10.0,390.0
2649,Wisconsin,Female,65,536.0,5704.0,414.0,181.0,4.0,777.0
2650,Wisconsin,Female,75,987.0,8599.0,641.0,300.0,20.0,1348.0
2651,Wisconsin,Female,85,1737.0,15811.0,954.0,406.0,25.0,2309.0
2670,Wyoming,Male,0,0.0,13.0,0.0,0.0,0.0,0.0
2672,Wyoming,Male,1,0.0,3.0,0.0,0.0,0.0,0.0
2673,Wyoming,Male,5,0.0,7.0,0.0,0.0,0.0,0.0
2674,Wyoming,Male,15,0.0,60.0,8.0,0.0,0.0,7.0
2676,Wyoming,Male,25,4.0,126.0,3.0,1.0,7.0,7.0
2678,Wyoming,Male,35,8.0,161.0,3.0,8.0,0.0,4.0
2680,Wyoming,Male,45,14.0,210.0,16.0,2.0,0.0,23.0
2682,Wyoming,Male,55,35.0,548.0,28.0,14.0,0.0,49.0
2683,Wyoming,Male,65,79.0,841.0,83.0,53.0,2.0,111.0
2684,Wyoming,Male,75,98.0,879.0,103.0,52.0,0.0,149.0
2685,Wyoming,Male,85,81.0,767.0,85.0,29.0,0.0,137.0
2687,Wyoming,Female,0,0.0,14.0,0.0,0.0,0.0,0.0
2689,Wyoming,Female,1,0.0,7.0,0.0,0.0,0.0,0.0
2690,Wyoming,Female,5,0.0,7.0,0.0,0.0,0.0,0.0
2691,Wyoming,Female,15,0.0,20.0,0.0,0.0,0.0,0.0
2693,Wyoming,Female,25,4.0,46.0,2.0,6.0,2.0,6.0
2695,Wyoming,Female,35,3.0,64.0,8.0,4.0,0.0,2.0
2697,Wyoming,Female,45,8.0,144.0,11.0,0.0,2.0,20.0
2699,Wyoming,Female,55,22.0,324.0,29.0,14.0,7.0,39.0
2700,Wyoming,Female,65,56.0,534.0,54.0,28.0,5.0,84.0
2701,Wyoming,Female,75,91.0,782.0,92.0,39.0,0.0,144.0
2702,Wyoming,Female,85,117.0,1114.0,91.0,36.0,8.0,173.0
2721,Puerto Rico,Male,0,0.0,73.0,0.0,0.0,0.0,0.0
2723,Puerto Rico,Male,1,0.0,17.0,0.0,0.0,3.0,4.0
2724,Puerto Rico,Male,5,0.0,11.0,3.0,0.0,0.0,8.0
2725,Puerto Rico,Male,15,2.0,240.0,7.0,3.0,0.0,2.0
2727,Puerto Rico,Male,25,12.0,509.0,24.0,6.0,6.0,29.0
2729,Puerto Rico,Male,35,38.0,717.0,75.0,25.0,0.0,88.0
2731,Puerto Rico,Male,45,105.0,1200.0,150.0,70.0,4.0,190.0
2733,Puerto Rico,Male,55,164.0,2342.0,305.0,107.0,10.0,370.0
2734,Puerto Rico,Male,65,304.0,3943.0,632.0,218.0,4.0,725.0
2735,Puerto Rico,Male,75,317.0,4912.0,819.0,225.0,8.0,918.0
2736,Puerto Rico,Male,85,195.0,4190.0,641.0,132.0,1.0,710.0
2738,Puerto Rico,Female,0,0.0,76.0,8.0,0.0,0.0,7.0
2740,Puerto Rico,Female,1,0.0,6.0,0.0,0.0,0.0,0.0
2741,Puerto Rico,Female,5,3.0,10.0,0.0,0.0,0.0,7.0
2742,Puerto Rico,Female,15,8.0,69.0,5.0,7.0,0.0,8.0
2744,Puerto Rico,Female,25,8.0,128.0,10.0,4.0,2.0,16.0
2746,Puerto Rico,Female,35,15.0,245.0,25.0,2.0,0.0,31.0
2748,Puerto Rico,Female,45,51.0,584.0,93.0,38.0,4.0,110.0
2750,Puerto Rico,Female,55,123.0,1314.0,214.0,90.0,4.0,250.0
2751,Puerto Rico,Female,65,199.0,2596.0,402.0,147.0,1.0,458.0
2752,Puerto Rico,Female,75,232.0,4186.0,649.0,153.0,16.0,743.0
2753,Puerto Rico,Female,85,218.0,6043.0,787.0,135.0,29.0,898.0
